timestamp,request_id,queue_type,alloc_type,queue_ms,preprocess_ms,inference_ms,postprocess_ms,total_ms
1768466619,2,Naive,Standard,0.0172,1.6007,42.0598,0.2699,43.9477
1768466619,0,Naive,Standard,0.0363,1.4144,62.7378,0.0573,64.2459
1768466619,3,Naive,Standard,0.0313,1.8711,70.7565,0.0775,72.7364
1768466619,7,Naive,Standard,0.0968,3.0614,55.5003,0.2397,58.8983
1768466619,8,Naive,Standard,27.9330,1.3326,30.6551,0.0318,59.9525
1768466619,9,Naive,Standard,45.3381,1.6386,37.8963,0.0584,84.9313
1768466619,12,Naive,Standard,57.4927,1.5514,37.9327,0.0815,97.0583
1768466619,11,Naive,Standard,56.9047,2.1754,44.3272,0.0619,103.4692
1768466619,10,Naive,Standard,54.9893,2.0563,49.1161,0.0408,106.2024
1768466619,13,Naive,Standard,84.1191,2.4637,42.5823,0.0500,129.2150
1768466619,1,Naive,Standard,0.0339,1.4148,158.9285,0.0435,160.4207
1768466619,14,Naive,Standard,95.4956,1.8366,44.8570,0.0584,142.2477
1768466619,6,Naive,Standard,0.9620,1.9468,151.1276,0.0843,154.1207
1768466619,15,Naive,Standard,98.5622,1.7576,45.6435,0.0485,146.0117
1768466619,5,Naive,Standard,0.1107,2.4143,164.2498,0.1464,166.9212
1768466619,16,Naive,Standard,78.5579,1.4998,46.3760,0.0253,126.4590
1768466619,4,Naive,Standard,0.0445,2.6089,187.1152,0.0496,189.8182
1768466619,17,Naive,Standard,81.0744,1.7460,55.7861,0.0428,138.6493
1768466619,19,Naive,Standard,84.6353,1.5761,43.0536,0.0291,129.2942
1768466619,21,Naive,Standard,64.5067,1.7160,52.4082,0.0653,118.6962
1768466619,23,Naive,Standard,45.3021,1.6420,49.8764,0.0355,96.8560
1768466619,26,Naive,Standard,37.4317,1.6204,44.1625,0.0740,83.2886
1768466619,22,Naive,Standard,44.2138,1.7830,85.8880,0.0533,131.9381
1768466619,25,Naive,Standard,46.7965,1.4866,56.4065,0.1075,104.7971
1768466619,28,Naive,Standard,48.2359,1.6254,47.9236,0.0411,97.8260
1768466619,18,Naive,Standard,82.2135,1.6768,121.5530,0.0321,205.4754
1768466619,27,Naive,Standard,48.1074,1.8216,65.4913,0.0496,115.4699
1768466619,29,Naive,Standard,77.6371,1.9012,44.1632,0.0450,123.7465
1768466619,20,Naive,Standard,85.8706,13.8600,120.5225,0.0444,220.2976
1768466619,24,Naive,Standard,63.9311,1.6965,130.8158,0.0578,196.5010
1768466619,32,Naive,Standard,73.8962,1.6550,55.6791,0.0434,131.2738
1768466619,31,Naive,Standard,85.4023,1.6673,65.8036,0.0427,152.9160
1768466619,34,Naive,Standard,80.2960,1.6775,53.0523,0.0453,135.0711
1768466619,35,Naive,Standard,67.8784,1.7521,47.6507,0.0355,117.3168
1768466619,30,Naive,Standard,83.4918,1.6059,94.1349,0.0427,179.2753
1768466619,38,Naive,Standard,59.3577,1.7228,55.7811,0.0620,116.9236
1768466619,33,Naive,Standard,72.6846,1.8720,106.2679,0.0420,180.8665
1768466619,39,Naive,Standard,59.8989,1.4070,65.1351,0.0816,126.5225
1768466619,41,Naive,Standard,55.3778,1.3916,49.2433,0.1375,106.1502
1768466619,40,Naive,Standard,63.3628,1.6380,54.1963,0.1318,119.3288
1768466619,36,Naive,Standard,69.7377,1.2847,120.9348,0.0432,192.0004
1768466619,42,Naive,Standard,60.3150,1.6991,84.2986,0.0516,146.3643
1768466619,43,Naive,Standard,82.0293,1.5568,55.4172,0.0607,139.0640
1768466620,46,Naive,Standard,57.0145,1.7709,49.1211,0.0517,107.9582
1768466620,47,Naive,Standard,53.1828,1.5274,53.8077,0.0656,108.5836
1768466620,37,Naive,Standard,64.8658,1.6211,141.5509,0.0594,208.0971
1768466620,45,Naive,Standard,70.0624,1.2635,74.7841,0.0438,146.1537
1768466620,51,Naive,Standard,60.3569,1.1256,45.0502,0.0701,106.6028
1768466620,50,Naive,Standard,86.2584,2.3842,51.7792,0.0441,140.4658
1768466620,52,Naive,Standard,54.6028,2.2751,51.1781,0.0312,108.0872
1768466620,44,Naive,Standard,84.1424,1.7846,119.9928,0.0386,205.9584
1768466620,54,Naive,Standard,71.4158,1.7229,65.2909,0.0545,138.4842
1768466620,49,Naive,Standard,82.7726,9.6472,96.2120,0.0869,188.7187
1768466620,55,Naive,Standard,94.4231,1.4066,53.0018,0.1515,148.9830
1768466620,56,Naive,Standard,66.4027,2.1159,50.7382,0.0864,119.3431
1768466620,48,Naive,Standard,74.7872,9.4861,122.2284,0.0221,206.5238
1768466620,57,Naive,Standard,63.9193,1.7020,50.8364,0.0300,116.4877
1768466620,53,Naive,Standard,63.8108,1.6606,118.2990,0.0436,183.8140
1768466620,62,Naive,Standard,76.5304,1.7129,49.3456,0.0959,127.6848
1768466620,59,Naive,Standard,82.6178,1.6591,64.4613,0.0458,148.7840
1768466620,61,Naive,Standard,75.0733,2.2171,54.1997,0.0356,131.5257
1768466620,64,Naive,Standard,54.1211,1.4032,47.3064,0.0340,102.8646
1768466620,58,Naive,Standard,66.0794,9.8596,105.6536,0.0597,181.6522
1768466620,60,Naive,Standard,80.7370,1.6100,92.3138,0.0408,174.7016
1768466620,67,Naive,Standard,44.8570,1.4835,49.2087,0.0443,95.5936
1768466620,63,Naive,Standard,58.1180,9.5638,100.7673,0.1463,168.5954
1768466620,66,Naive,Standard,85.3098,2.2688,62.4054,0.0414,150.0254
1768466620,65,Naive,Standard,66.3322,1.7390,84.6203,0.0352,152.7267
1768466620,68,Naive,Standard,45.8243,1.7673,66.5882,0.0315,114.2114
1768466620,70,Naive,Standard,65.9697,1.5156,54.9321,0.0372,122.4546
1768466620,69,Naive,Standard,49.6327,1.7048,108.3696,0.1064,159.8135
1768466620,74,Naive,Standard,59.9436,1.7248,51.4874,0.0435,113.1992
1768466620,72,Naive,Standard,92.7095,1.8498,65.7289,0.0662,160.3544
1768466620,77,Naive,Standard,63.5366,1.2542,50.5720,0.0371,115.3999
1768466620,76,Naive,Standard,66.2107,1.3189,76.5907,0.0362,144.1565
1768466620,71,Naive,Standard,75.4597,5.7562,117.3839,0.0500,198.6499
1768466620,73,Naive,Standard,70.9960,5.8736,92.2348,0.0416,169.1459
1768466620,75,Naive,Standard,62.5016,5.7699,99.6217,0.0495,167.9428
1768466620,80,Naive,Standard,56.8624,1.2001,59.0940,0.0342,117.1907
1768466620,79,Naive,Standard,66.0775,1.7618,62.2908,0.0315,130.1617
1768466620,78,Naive,Standard,84.7822,1.7360,69.4853,0.0456,156.0491
1768466620,82,Naive,Standard,74.7314,1.2398,52.0005,0.0628,128.0344
1768466620,81,Naive,Standard,67.9269,1.4709,92.0504,0.0483,161.4965
1768466620,86,Naive,Standard,51.5304,1.6483,58.0765,0.0431,111.2982
1768466620,87,Naive,Standard,53.2939,1.7796,57.1222,0.0387,112.2344
1768466620,85,Naive,Standard,83.8154,1.4029,81.1766,4.0840,170.4789
1768466620,84,Naive,Standard,81.5917,1.2668,96.4994,1.7996,181.1575
1768466620,88,Naive,Standard,57.2526,1.6262,73.0518,0.0422,131.9728
1768466620,83,Naive,Standard,84.0295,5.9641,104.0941,0.0722,194.1599
1768466620,89,Naive,Standard,57.7671,1.7191,67.5272,0.0250,127.0385
1768466620,92,Naive,Standard,72.7807,2.0432,53.6637,0.0537,128.5413
1768466620,90,Naive,Standard,69.5962,1.7874,85.9251,0.0372,157.3459
1768466620,91,Naive,Standard,74.5653,2.5029,70.3252,0.0372,147.4306
1768466620,95,Naive,Standard,71.3690,1.8896,68.1642,0.0501,141.4728
1768466620,97,Naive,Standard,68.4424,1.2001,63.3530,0.0469,133.0425
1768466620,93,Naive,Standard,79.0352,1.3821,78.7409,0.0434,159.2015
1768466620,94,Naive,Standard,68.1299,4.9491,83.0868,0.0475,156.2133
1768466620,100,Naive,Standard,62.7737,1.7034,43.4120,0.0641,107.9532
1768466620,98,Naive,Standard,57.5395,1.8814,64.6230,0.1764,124.2204
1768466620,96,Naive,Standard,75.7562,2.3673,118.3814,0.0594,196.5643
1768466620,101,Naive,Standard,71.0217,1.2764,56.9297,0.0461,129.2739
1768466620,102,Naive,Standard,68.8991,1.5541,65.8919,0.0397,136.3849
1768466620,105,Naive,Standard,77.4346,1.6396,46.2867,0.0401,125.4010
1768466620,99,Naive,Standard,61.8938,1.2733,94.1339,0.0389,157.3399
1768466620,104,Naive,Standard,77.0089,1.7702,73.7606,0.0467,152.5864
1768466620,106,Naive,Standard,52.3187,1.8502,58.4821,0.0333,112.6842
1768466620,110,Naive,Standard,62.0835,1.4229,44.3667,0.0749,107.9481
1768466620,103,Naive,Standard,69.0872,1.7196,112.5881,0.0389,183.4338
1768466620,108,Naive,Standard,68.5909,1.7443,64.8983,0.0816,135.3151
1768466620,109,Naive,Standard,59.3195,2.0687,54.3458,0.0337,115.7678
1768466620,113,Naive,Standard,58.0299,1.9107,54.2528,0.0553,114.2487
1768466620,112,Naive,Standard,67.7342,1.6858,74.7582,0.0516,144.2299
1768466620,114,Naive,Standard,85.6367,1.6707,48.5951,0.0463,135.9488
1768466620,117,Naive,Standard,45.8429,1.1911,50.7116,0.1450,97.8906
1768466620,116,Naive,Standard,55.4416,1.8870,58.9005,0.0766,116.3057
1768466620,111,Naive,Standard,63.1566,1.7764,124.7169,0.0522,189.7021
1768466620,118,Naive,Standard,65.8468,1.8931,56.9766,0.0362,124.7526
1768466620,107,Naive,Standard,66.5903,9.9458,145.5274,0.1109,222.1743
1768466620,120,Naive,Standard,72.5168,1.4958,53.4632,0.0813,127.5571
1768466620,115,Naive,Standard,55.5942,9.8932,103.9201,0.0495,169.4571
1768466620,119,Naive,Standard,80.4601,1.7256,66.8364,0.0370,149.0591
1768466620,124,Naive,Standard,75.6292,1.8372,55.4546,0.0464,132.9673
1768466620,121,Naive,Standard,81.3899,1.5566,89.5339,0.0783,172.5587
1768466620,126,Naive,Standard,71.0781,1.4851,57.7525,0.0727,130.3885
1768466620,123,Naive,Standard,70.6353,5.7896,87.6532,0.0393,164.1175
1768466620,122,Naive,Standard,55.4370,1.7874,107.0466,0.0245,164.2956
1768466620,128,Naive,Standard,53.7414,1.8487,57.9478,0.0300,113.5678
1768466620,127,Naive,Standard,59.5689,1.7648,60.7059,0.0640,122.1036
1768466620,125,Naive,Standard,78.6981,5.9937,80.8020,0.0394,165.5331
1768466620,129,Naive,Standard,82.2500,1.7857,62.5928,0.0524,146.6810
1768466620,130,Naive,Standard,76.6415,1.5956,62.2830,0.0497,140.5699
1768466620,131,Naive,Standard,79.6895,5.6544,51.9024,0.0380,137.2843
1768466620,135,Naive,Standard,58.5718,1.7570,82.3840,0.0667,142.7796
1768466620,138,Naive,Standard,61.1386,1.9021,45.6885,0.0738,108.8030
1768466620,134,Naive,Standard,67.3224,2.2591,85.7718,0.0405,155.3938
1768466620,132,Naive,Standard,78.9825,1.6188,88.8578,0.0433,169.5025
1768466620,139,Naive,Standard,46.3959,2.1827,45.5716,0.0258,94.1761
1768466620,137,Naive,Standard,55.5222,1.9882,65.2444,0.0423,122.7970
1768466620,133,Naive,Standard,78.9989,1.6571,99.9874,0.0357,180.6791
1768466620,136,Naive,Standard,56.8857,1.7038,118.1866,0.0523,176.8285
1768466620,141,Naive,Standard,86.8322,1.6183,50.0730,0.0443,138.5679
1768466620,145,Naive,Standard,62.1104,1.5354,53.4531,0.1856,117.2845
1768466620,144,Naive,Standard,88.3914,1.6960,68.2019,0.0456,158.3349
1768466620,143,Naive,Standard,83.6902,1.3132,83.7770,0.0887,168.8692
1768466620,142,Naive,Standard,81.6455,1.4571,93.7107,0.0832,176.8965
1768466620,148,Naive,Standard,43.8163,1.5234,48.6400,0.0329,94.0126
1768466620,146,Naive,Standard,51.3430,1.8928,86.9414,0.0314,140.2086
1768466620,140,Naive,Standard,85.6256,1.6358,110.0198,0.0481,197.3293
1768466620,149,Naive,Standard,60.9745,1.6557,50.1743,0.1927,112.9972
1768466621,147,Naive,Standard,69.7446,1.6250,95.8565,0.0523,167.2784
1768466621,150,Naive,Standard,70.4676,1.8973,70.5163,0.0583,142.9394
1768466621,151,Naive,Standard,75.6316,2.0667,67.1969,0.0484,144.9435
1768466621,153,Naive,Standard,85.6107,1.7818,67.2726,0.0395,154.7046
1768466621,156,Naive,Standard,67.8071,1.6295,53.1792,0.0470,122.6628
1768466621,155,Naive,Standard,71.6690,4.8507,61.8294,0.0458,138.3948
1768466621,152,Naive,Standard,79.3461,1.8364,93.6655,0.0664,174.9143
1768466621,157,Naive,Standard,58.6798,5.4693,77.1291,0.0842,141.3624
1768466621,154,Naive,Standard,86.1790,1.5954,112.7229,0.0434,200.5407
1768466621,158,Naive,Standard,63.3428,1.6117,66.6385,0.0420,131.6351
1768466621,160,Naive,Standard,67.8562,1.7762,57.7466,0.0433,127.4223
1768466621,161,Naive,Standard,72.5989,2.4459,56.2059,0.0432,131.2940
1768466621,162,Naive,Standard,77.7458,1.8512,68.7012,0.0487,148.3469
1768466621,159,Naive,Standard,62.5220,1.9357,106.4806,0.0517,170.9900
1768466621,164,Naive,Standard,91.5028,1.7597,60.1410,0.0800,153.4835
1768466621,166,Naive,Standard,60.7974,1.1776,59.4949,0.0485,121.5183
1768466621,167,Naive,Standard,60.4473,1.5395,60.8845,0.0505,122.9219
1768466621,168,Naive,Standard,53.0382,2.0400,56.5730,1.9569,113.6081
1768466621,163,Naive,Standard,66.8275,1.6629,109.4552,0.0502,177.9958
1768466621,169,Naive,Standard,70.0971,1.6937,56.9363,0.0438,128.7709
1768466621,165,Naive,Standard,79.2940,13.7536,107.8706,0.0524,200.9705
1768466621,171,Naive,Standard,85.5362,1.9450,62.9429,0.0589,150.4830
1768466621,173,Naive,Standard,69.3071,1.4873,55.4105,0.0301,126.2350
1768466621,172,Naive,Standard,56.1016,1.5551,72.6326,0.0316,130.3209
1768466621,170,Naive,Standard,88.0448,5.7500,82.5894,0.0891,176.4732
1768466621,174,Naive,Standard,69.9631,2.0328,66.1092,0.1463,138.2514
1768466621,176,Naive,Standard,71.0486,1.7118,69.3243,0.0498,142.1346
1768466621,175,Naive,Standard,66.4064,1.6074,94.2448,0.0563,162.3149
1768466621,180,Naive,Standard,71.7491,1.2084,51.1856,0.0960,124.2391
1768466621,179,Naive,Standard,67.7792,1.4461,71.0331,0.0540,140.3123
1768466621,178,Naive,Standard,71.8329,1.8060,80.8767,0.2599,154.7755
1768466621,177,Naive,Standard,77.9974,1.7197,87.4381,0.0495,167.2048
1768466621,182,Naive,Standard,59.5500,1.6415,68.9584,0.0447,130.1946
1768466621,181,Naive,Standard,58.2135,1.5341,95.3893,0.0432,155.1801
1768466621,183,Naive,Standard,75.1887,1.5468,77.0568,0.0289,153.8211
1768466621,185,Naive,Standard,56.9012,1.8833,55.3308,0.0585,114.1738
1768466621,184,Naive,Standard,81.3335,1.8123,83.9942,0.0530,167.1929
1768466621,186,Naive,Standard,70.7448,1.4123,63.2607,0.0464,135.4641
1768466621,187,Naive,Standard,74.0213,1.5448,73.0868,0.0542,148.7070
1768466621,189,Naive,Standard,68.3668,1.8759,66.2773,0.0399,136.5599
1768466621,188,Naive,Standard,63.9876,1.3923,101.3844,0.0496,166.8139
1768466621,192,Naive,Standard,63.4541,1.6917,68.4039,0.0617,133.6114
1768466621,191,Naive,Standard,70.1407,1.7247,85.2128,0.0461,157.1242
1768466621,194,Naive,Standard,54.5298,1.7411,61.0830,0.0626,117.4165
1768466621,193,Naive,Standard,72.5394,1.7575,64.6585,0.0276,138.9830
1768466621,196,Naive,Standard,69.5441,1.6471,64.1559,0.0595,135.4066
1768466621,190,Naive,Standard,93.3802,1.1894,108.1880,0.0221,202.7797
1768466621,195,Naive,Standard,67.8160,1.7933,73.0922,0.0426,142.7441
1768466621,198,Naive,Standard,69.1170,1.6305,54.7383,0.0692,125.5550
1768466621,200,Naive,Standard,80.6251,1.6441,51.0288,0.0325,133.3305
1768466621,202,Naive,Standard,74.6899,1.8622,56.3662,0.0699,132.9883
1768466621,197,Naive,Standard,86.3448,1.7103,94.6920,2.6417,185.3888
1768466621,199,Naive,Standard,81.9015,1.2196,85.0546,0.0401,168.2157
1768466621,201,Naive,Standard,60.0871,1.6999,88.4598,0.0446,150.2915
1768466621,205,Naive,Standard,50.9219,1.6894,57.1970,0.0470,109.8554
1768466621,204,Naive,Standard,70.1431,2.6657,74.5129,0.0459,147.3676
1768466621,203,Naive,Standard,64.3730,9.3316,83.6910,0.1844,157.5799
1768466621,206,Naive,Standard,63.2053,1.7950,58.6089,0.0394,123.6486
1768466621,207,Naive,Standard,76.2321,1.8295,52.5746,0.0474,130.6836
1768466621,211,Naive,Standard,71.9422,1.5232,48.3840,0.0481,121.8975
1768466621,214,Naive,Standard,50.4558,1.4448,55.9000,0.0617,107.8622
1768466621,208,Naive,Standard,77.8029,1.6797,90.5957,0.0413,170.1197
1768466621,209,Naive,Standard,84.9916,1.6712,94.5872,0.0599,181.3099
1768466621,215,Naive,Standard,43.8387,1.7869,53.5380,0.0301,99.1936
1768466621,213,Naive,Standard,59.5932,1.6799,85.9191,0.0496,147.2417
1768466621,216,Naive,Standard,62.2903,1.7980,52.2896,0.0519,116.4299
1768466621,212,Naive,Standard,74.5397,5.8967,97.5043,0.0624,178.0031
1768466621,210,Naive,Standard,62.8821,5.2542,111.7937,0.0245,179.9545
1768466621,217,Naive,Standard,79.3974,1.7154,59.6434,0.0520,140.8082
1768466621,220,Naive,Standard,79.2375,2.0826,56.7749,0.0528,138.1479
1768466621,222,Naive,Standard,83.4852,1.1518,50.1786,0.0463,134.8620
1768466621,218,Naive,Standard,79.9610,5.4444,85.9912,0.0542,171.4508
1768466621,219,Naive,Standard,78.0849,1.6287,88.4114,0.0515,168.1765
1768466621,225,Naive,Standard,60.0481,1.9933,52.8141,0.0497,114.9052
1768466621,221,Naive,Standard,81.8344,1.6251,94.7931,0.0502,178.3029
1768466621,226,Naive,Standard,70.3715,2.1474,52.3197,0.0373,124.8760
1768466621,224,Naive,Standard,55.9566,4.0805,104.2897,0.0493,164.3761
1768466621,227,Naive,Standard,66.0068,1.6336,62.3492,0.0456,130.0351
1768466621,223,Naive,Standard,65.3093,5.9789,113.0075,0.0450,184.3408
1768466621,230,Naive,Standard,80.0830,1.2919,48.0876,0.0374,129.4999
1768466621,228,Naive,Standard,69.2127,1.6795,89.4321,0.0372,160.3615
1768466621,233,Naive,Standard,68.9866,1.7854,51.3649,0.0821,122.2191
1768466621,234,Naive,Standard,64.2081,1.1990,49.2604,0.0459,114.7134
1768466621,236,Naive,Standard,61.5929,1.5408,50.5004,0.0562,113.6903
1768466621,229,Naive,Standard,66.8095,5.5327,112.7058,0.0609,185.1088
1768466621,232,Naive,Standard,89.0090,1.8582,89.9812,0.1026,180.9510
1768466621,231,Naive,Standard,87.0449,1.7412,101.3003,0.0508,190.1373
1768466621,237,Naive,Standard,75.2916,1.6154,63.7691,0.0501,140.7263
1768466621,239,Naive,Standard,69.4453,1.4447,48.4123,0.0237,119.3260
1768466621,238,Naive,Standard,79.7007,1.8968,68.1180,0.0413,149.7569
1768466621,235,Naive,Standard,59.4478,5.8270,112.2233,0.0566,177.5546
1768466621,240,Naive,Standard,77.5061,1.7492,56.5725,0.0708,135.8986
1768466621,245,Naive,Standard,55.8934,1.3938,60.3588,0.0428,117.6889
1768466621,244,Naive,Standard,68.8296,1.6812,61.1937,0.0349,131.7394
1768466621,241,Naive,Standard,70.0289,1.7955,93.4335,0.0470,165.3049
1768466621,248,Naive,Standard,56.3248,1.5263,55.4912,0.0891,113.4314
1768466621,246,Naive,Standard,60.3406,1.7445,66.5505,0.0573,128.6929
1768466621,242,Naive,Standard,69.9185,2.8425,117.7502,0.0410,190.5522
1768466621,247,Naive,Standard,64.4031,1.8982,69.9508,0.0299,136.2820
1768466621,243,Naive,Standard,64.2878,1.7451,116.2159,0.0263,182.2751
1768466621,249,Naive,Standard,78.9401,1.3941,68.5561,0.0830,148.9734
1768466621,250,Naive,Standard,79.8681,1.6928,70.2857,0.0408,151.8874
1768466621,252,Naive,Standard,80.5094,1.5700,57.2467,0.0495,139.3756
1768466622,253,Naive,Standard,81.3406,1.8980,65.1945,0.0541,148.4873
1768466622,251,Naive,Standard,84.6643,1.8368,109.5917,0.0721,196.1649
1768466622,255,Naive,Standard,67.3095,1.5817,81.7445,3.4918,154.1275
1768466622,257,Naive,Standard,58.9333,1.2441,51.2158,0.0904,111.4836
1768466622,254,Naive,Standard,66.9763,1.7596,88.0839,0.0354,156.8552
1768466622,256,Naive,Standard,66.6417,5.7876,93.6996,0.0516,166.1806
1768466622,258,Naive,Standard,55.8453,1.8428,60.9077,0.0396,118.6353
1768466622,259,Naive,Standard,64.5692,1.4925,68.5465,0.0499,134.6581
1768466622,260,Naive,Standard,63.0388,1.8179,73.3355,0.0508,138.2430
1768466622,263,Naive,Standard,80.4476,1.6471,54.9915,0.0456,137.1318
1768466622,264,Naive,Standard,80.2323,3.9653,70.5988,0.0552,154.8515
1768466622,265,Naive,Standard,61.1182,1.7963,62.8741,0.0329,125.8215
1768466622,266,Naive,Standard,61.7693,1.7274,72.1097,0.0440,135.6504
1768466622,267,Naive,Standard,62.8315,1.7600,71.4633,0.0523,136.1070
1768466622,262,Naive,Standard,78.8969,1.7378,110.3730,0.0346,191.0423
1768466622,261,Naive,Standard,86.2914,1.7149,118.0343,0.0518,206.0924
1768466622,271,Naive,Standard,67.6957,1.2229,45.7794,0.0463,114.7443
1768466622,269,Naive,Standard,59.0849,1.2368,71.7143,0.0544,132.0905
1768466622,268,Naive,Standard,69.6120,1.7936,87.0882,0.0544,158.5481
1768466622,270,Naive,Standard,65.9159,1.8773,73.7513,0.0422,141.5867
1768466622,272,Naive,Standard,77.5223,1.6661,73.1852,0.0400,152.4136
1768466622,273,Naive,Standard,79.1366,1.7096,66.6038,0.0416,147.4915
1768466622,277,Naive,Standard,69.8730,1.7474,43.0050,0.0404,114.6657
1768466622,276,Naive,Standard,66.3216,1.4694,64.0867,0.0568,131.9345
1768466622,278,Naive,Standard,53.4283,1.7267,65.9263,0.0495,121.1308
1768466622,282,Naive,Standard,53.3791,1.8114,49.5280,0.0644,104.7829
1768466622,281,Naive,Standard,61.9151,1.8043,59.8834,0.0407,123.6435
1768466622,275,Naive,Standard,78.0660,1.7735,117.1272,0.0356,197.0023
1768466622,274,Naive,Standard,86.7156,1.7333,128.9281,0.0289,217.4058
1768466622,279,Naive,Standard,68.8936,1.5359,97.6081,0.0549,168.0925
1768466622,280,Naive,Standard,66.9818,1.6843,87.5272,0.0422,156.2355
1768466622,283,Naive,Standard,68.5391,1.7633,66.4742,0.1983,136.9750
1768466622,284,Naive,Standard,71.0070,1.8473,53.1693,0.0934,126.1170
1768466622,285,Naive,Standard,91.1756,1.7019,49.3584,0.0546,142.2905
1768466622,286,Naive,Standard,85.9269,1.6235,66.1361,0.0507,153.7372
1768466622,292,Naive,Standard,48.8001,1.7550,55.9301,0.0662,106.5514
1768466622,290,Naive,Standard,70.4063,1.9404,65.9764,0.2660,138.5890
1768466622,293,Naive,Standard,46.9458,1.3216,47.0644,0.0627,95.3944
1768466622,291,Naive,Standard,60.6431,1.1852,70.3315,0.0506,132.2104
1768466622,289,Naive,Standard,69.3515,1.3774,98.2326,0.0613,169.0228
1768466622,287,Naive,Standard,75.4695,13.3458,113.6921,0.0512,202.5586
1768466622,294,Naive,Standard,56.5476,6.8506,57.6903,0.0580,121.1465
1768466622,297,Naive,Standard,70.6779,1.4058,44.8065,0.1937,117.0840
1768466622,288,Naive,Standard,71.8755,17.6901,115.6883,0.0642,205.3181
1768466622,295,Naive,Standard,72.3233,3.4527,69.8946,0.0403,145.7109
1768466622,298,Naive,Standard,73.6499,1.8632,77.5300,0.0644,153.1075
1768466622,296,Naive,Standard,75.4545,1.7620,88.1577,0.0380,165.4122
1768466622,302,Naive,Standard,63.0117,1.6696,44.5628,0.1417,109.3858
1768466622,299,Naive,Standard,82.9316,1.5544,69.9615,0.0921,154.5396
1768466622,301,Naive,Standard,83.7829,2.0570,63.5703,0.0326,149.4427
1768466622,300,Naive,Standard,91.4431,9.7293,102.2802,0.0806,203.5331
1768466622,303,Naive,Standard,52.3689,1.7527,97.9752,0.0561,152.1528
1768466622,304,Naive,Standard,68.0051,1.2119,86.1542,0.0449,155.4162
1768466622,305,Naive,Standard,76.1540,1.6601,66.4332,0.0315,144.2788
1768466622,308,Naive,Standard,52.7748,1.9357,55.5042,0.0408,110.2556
1768466622,307,Naive,Standard,63.5496,1.9486,61.9637,0.0433,127.5051
1768466622,306,Naive,Standard,76.1385,1.8129,77.8282,0.0299,155.8094
1768466622,309,Naive,Standard,61.9847,1.7239,78.6859,0.0500,142.4445
1768466622,314,Naive,Standard,59.7582,1.5820,53.9380,0.0483,115.3265
1768466622,313,Naive,Standard,60.5066,1.8610,60.6208,0.0470,123.0354
1768466622,312,Naive,Standard,81.8312,1.4613,78.6842,0.0569,162.0335
1768466622,316,Naive,Standard,58.5396,1.9403,74.5209,0.0556,135.0564
1768466622,310,Naive,Standard,90.8485,5.8382,98.1597,0.0453,194.8917
1768466622,317,Naive,Standard,70.1549,1.7368,63.6713,0.0272,135.5901
1768466622,311,Naive,Standard,92.6181,1.6840,101.4617,0.0298,195.7936
1768466622,315,Naive,Standard,63.3931,1.2491,97.0997,0.0400,161.7819
1768466622,319,Naive,Standard,54.3190,2.1062,59.9851,0.0523,116.4626
1768466622,318,Naive,Standard,49.2944,1.9007,69.2023,0.0593,120.4567
1768466622,321,Naive,Standard,79.1503,1.7309,52.6042,0.0555,133.5409
1768466622,320,Naive,Standard,70.8637,1.5897,74.5891,0.0379,147.0804
1768466622,323,Naive,Standard,89.9992,1.6193,54.2989,0.0571,145.9745
1768466622,325,Naive,Standard,60.7744,1.7278,82.5280,0.0600,145.0902
1768466622,322,Naive,Standard,89.4925,5.7783,87.5980,0.0594,182.9282
1768466622,327,Naive,Standard,63.4945,1.7340,63.4196,0.0636,128.7116
1768466622,326,Naive,Standard,59.8627,1.8357,67.6675,0.0304,129.3964
1768466622,324,Naive,Standard,79.8038,1.6833,111.3886,0.0575,192.9332
1768466622,328,Naive,Standard,56.6997,2.0092,67.8658,0.0437,126.6184
1768466622,330,Naive,Standard,44.5161,1.6387,69.9169,0.0393,116.1110
1768466622,329,Naive,Standard,58.4443,1.7816,82.4937,2.5097,145.2292
1768466622,331,Naive,Standard,76.3759,1.7751,53.6730,0.0604,131.8845
1768466622,333,Naive,Standard,81.0469,1.9396,57.0007,0.0499,140.0370
1768466622,332,Naive,Standard,79.4600,1.7329,78.3694,0.1222,159.6845
1768466622,336,Naive,Standard,66.9282,1.7051,73.4004,0.0522,142.0859
1768466622,334,Naive,Standard,59.9257,9.5375,92.1778,0.0531,161.6941
1768466622,339,Naive,Standard,43.7782,1.2061,61.3980,0.0605,106.4428
1768466622,335,Naive,Standard,78.0993,1.4950,93.6509,0.0484,173.2937
1768466622,337,Naive,Standard,60.8837,1.4704,78.3437,0.0235,140.7213
1768466622,340,Naive,Standard,51.9680,1.7756,61.0698,0.0629,114.8763
1768466622,338,Naive,Standard,75.4527,4.6324,97.1467,0.0646,177.2964
1768466622,343,Naive,Standard,73.0251,1.1973,57.6411,0.0379,131.9014
1768466622,342,Naive,Standard,86.8412,1.7974,72.2188,0.0381,160.8955
1768466622,347,Naive,Standard,70.5295,1.5718,50.9549,0.0510,123.1072
1768466622,344,Naive,Standard,83.8316,1.8770,71.0574,0.0627,156.8288
1768466622,341,Naive,Standard,71.4584,3.6160,105.2076,0.0340,180.3160
1768466622,346,Naive,Standard,62.5182,1.5696,82.8208,0.0681,146.9767
1768466622,345,Naive,Standard,73.2787,1.7299,93.0545,0.0432,168.1064
1768466622,349,Naive,Standard,76.0585,1.8967,57.4792,0.1085,135.5429
1768466622,348,Naive,Standard,88.0631,1.6927,81.4812,0.0623,171.2992
1768466622,351,Naive,Standard,65.3740,1.8248,73.9124,0.0505,141.1617
1768466622,352,Naive,Standard,65.9733,1.6177,62.5767,0.0223,130.1900
1768466622,350,Naive,Standard,71.8036,5.4383,95.5215,0.0375,172.8009
1768466622,355,Naive,Standard,77.3807,1.7628,66.9953,0.0533,146.1920
1768466622,356,Naive,Standard,66.6260,1.8307,65.9335,0.1094,134.4996
1768466622,354,Naive,Standard,77.9205,1.5201,90.1267,0.0519,169.6192
1768466623,353,Naive,Standard,66.8497,5.6411,108.2566,0.0475,180.7949
1768466623,357,Naive,Standard,68.9510,1.6504,74.0934,0.0524,144.7472
1768466623,359,Naive,Standard,65.4286,1.2227,59.1507,0.0365,125.8386
1768466623,358,Naive,Standard,74.5883,1.2058,66.6559,0.0348,142.4848
1768466623,362,Naive,Standard,81.8742,1.7477,57.2220,0.0509,140.8948
1768466623,360,Naive,Standard,72.7815,1.1830,87.0783,0.0427,161.0854
1768466623,367,Naive,Standard,57.5686,1.7215,51.1616,0.0624,110.5141
1768466623,363,Naive,Standard,72.5652,1.7263,84.2152,0.0576,158.5643
1768466623,361,Naive,Standard,81.3552,1.7531,102.4469,0.0595,185.6147
1768466623,366,Naive,Standard,50.2560,1.6247,69.1077,0.0782,121.0667
1768466623,365,Naive,Standard,70.3330,1.4530,72.8837,0.0687,144.7385
1768466623,368,Naive,Standard,76.1591,1.8802,59.7555,0.0454,137.8401
1768466623,364,Naive,Standard,72.0381,1.7530,108.9519,0.0344,182.7774
1768466623,373,Naive,Standard,64.9575,1.6069,53.7729,0.0691,120.4065
1768466623,369,Naive,Standard,73.8936,1.7440,80.0468,0.0308,155.7151
1768466623,374,Naive,Standard,61.0253,2.2615,70.7196,0.0855,134.0920
1768466623,370,Naive,Standard,77.3373,1.6398,84.9246,0.0424,163.9441
1768466623,371,Naive,Standard,82.1584,10.2572,82.7200,0.0503,175.1858
1768466623,375,Naive,Standard,86.1444,2.0839,59.7508,0.0376,148.0166
1768466623,372,Naive,Standard,77.1542,1.7779,88.1199,0.0361,167.0881
1768466623,377,Naive,Standard,70.2776,1.7809,53.2528,0.0475,125.3588
1768466623,376,Naive,Standard,56.4006,5.9822,89.2037,0.0520,151.6385
1768466623,378,Naive,Standard,60.8357,1.2105,77.9559,0.0516,140.0536
1768466623,382,Naive,Standard,81.4356,1.9481,53.4357,0.0530,136.8723
1768466623,379,Naive,Standard,79.3447,1.7326,67.5064,1.4673,150.0509
1768466623,380,Naive,Standard,68.0377,1.6738,82.5795,0.0682,152.3591
1768466623,384,Naive,Standard,68.9586,1.6519,56.4340,0.0735,127.1181
1768466623,383,Naive,Standard,60.9463,5.5500,87.0231,0.0731,153.5925
1768466623,381,Naive,Standard,79.2769,1.6526,101.7612,0.0534,182.7442
1768466623,386,Naive,Standard,73.6355,1.6552,57.2417,0.0424,132.5748
1768466623,385,Naive,Standard,62.5170,5.9064,87.2644,0.0638,155.7517
1768466623,390,Naive,Standard,66.6923,1.2106,48.9121,0.0419,116.8568
1768466623,388,Naive,Standard,58.4510,1.9015,85.3567,0.1986,145.9077
1768466623,387,Naive,Standard,60.1175,6.1071,83.6350,0.0321,149.8918
1768466623,389,Naive,Standard,72.3904,1.5975,87.2875,0.0924,161.3679
1768466623,393,Naive,Standard,60.5162,1.7692,57.8890,0.0780,120.2524
1768466623,392,Naive,Standard,77.7270,1.7092,75.8316,0.0482,155.3160
1768466623,391,Naive,Standard,80.3288,1.6792,86.7453,0.0347,168.7880
1768466623,394,Naive,Standard,70.1541,1.6787,68.7668,0.0437,140.6432
1768466623,396,Naive,Standard,85.6499,1.8197,64.9048,0.0532,152.4276
1768466623,395,Naive,Standard,70.6072,1.6623,84.9053,0.0423,157.2171
1768466623,399,Naive,Standard,62.5376,1.7993,58.1736,0.0986,122.6091
1768466623,397,Naive,Standard,63.2353,1.6937,87.0599,0.0402,152.0291
1768466623,398,Naive,Standard,77.8455,1.8062,79.8382,0.1172,159.6072
1768466623,402,Naive,Standard,62.8702,1.5427,55.8175,0.0442,120.2745
1768466623,400,Naive,Standard,75.6129,1.8845,82.5902,0.0522,160.1398
1768466623,405,Naive,Standard,77.2018,1.8926,56.8766,0.0794,136.0505
1768466623,401,Naive,Standard,66.1969,1.7267,111.6707,0.0615,179.6558
1768466623,404,Naive,Standard,68.8716,5.3931,79.9684,0.0441,154.2771
1768466623,407,Naive,Standard,71.9918,1.5586,61.4752,0.0747,135.1004
1768466623,403,Naive,Standard,74.9276,1.6938,91.9794,0.0198,168.6206
1768466623,406,Naive,Standard,64.1227,1.8020,73.7697,0.0849,139.7794
1768466623,408,Naive,Standard,76.0467,2.4618,56.6492,0.0615,135.2192
1768466623,410,Naive,Standard,80.8672,1.8597,50.9981,0.0463,133.7713
1768466623,415,Naive,Standard,61.0770,1.3699,47.6616,0.0502,110.1588
1768466623,409,Naive,Standard,70.5377,3.0241,94.9789,0.0352,168.5760
1768466623,413,Naive,Standard,72.4994,1.3789,64.2878,0.0458,138.2119
1768466623,417,Naive,Standard,66.3547,1.8530,53.3892,0.2035,121.8004
1768466623,414,Naive,Standard,56.5956,1.5912,87.8260,0.0472,146.0600
1768466623,416,Naive,Standard,56.3122,5.7749,88.0724,0.0598,150.2192
1768466623,412,Naive,Standard,84.8800,1.2643,109.9499,0.0518,196.1460
1768466623,420,Naive,Standard,58.0500,1.5431,42.7889,0.0421,102.4241
1768466623,411,Naive,Standard,78.3785,5.7827,128.6773,0.0489,212.8874
1768466623,418,Naive,Standard,62.4318,1.5760,89.0906,0.0651,153.1635
1768466623,421,Naive,Standard,80.6601,1.6723,54.0100,0.0323,136.3746
1768466623,419,Naive,Standard,60.8626,1.4723,92.7021,0.0539,155.0911
1768466623,422,Naive,Standard,81.7134,1.4111,67.5554,0.0477,150.7276
1768466623,425,Naive,Standard,74.1771,1.7499,56.5047,0.0574,132.4892
1768466623,424,Naive,Standard,85.2128,1.8066,68.0734,0.0569,155.1497
1768466623,423,Naive,Standard,97.0113,1.7812,84.7988,0.0516,183.6429
1768466623,428,Naive,Standard,73.2635,1.7647,50.4269,0.0447,125.4998
1768466623,426,Naive,Standard,64.8996,8.0553,83.0786,0.0551,156.0887
1768466623,430,Naive,Standard,65.4508,5.7954,61.6356,0.0483,132.9302
1768466623,427,Naive,Standard,85.1329,1.4592,85.8224,0.0603,172.4748
1768466623,429,Naive,Standard,58.2076,1.8779,86.8874,0.0441,147.0170
1768466623,434,Naive,Standard,65.7385,1.7804,55.0497,0.0618,122.6305
1768466623,432,Naive,Standard,63.1383,1.5928,80.3436,0.0444,145.1191
1768466623,431,Naive,Standard,54.0711,7.2372,87.6014,0.0435,148.9533
1768466623,436,Naive,Standard,73.3747,1.7465,57.4670,0.0540,132.6422
1768466623,433,Naive,Standard,76.9744,1.6328,92.7644,0.0460,171.4177
1768466623,435,Naive,Standard,62.8497,1.8779,80.5020,0.0382,145.2678
1768466623,437,Naive,Standard,75.1444,1.8429,72.8124,4.0946,153.8942
1768466623,439,Naive,Standard,74.7545,1.9093,54.8411,0.0325,131.5374
1768466623,438,Naive,Standard,71.1156,1.6828,81.3229,0.0418,154.1631
1768466623,442,Naive,Standard,82.6962,1.8640,54.9588,0.0510,139.5699
1768466623,443,Naive,Standard,62.1512,1.8999,62.0580,0.0811,126.1902
1768466623,440,Naive,Standard,80.5251,1.4815,90.4236,0.0738,172.5039
1768466623,441,Naive,Standard,63.0645,1.7647,91.2146,0.0615,156.1053
1768466623,446,Naive,Standard,64.9571,1.8044,53.1381,0.0477,119.9472
1768466623,447,Naive,Standard,63.3426,1.5947,59.1157,0.0399,124.0930
1768466623,449,Naive,Standard,78.8002,1.6230,54.8711,0.0743,135.3687
1768466623,444,Naive,Standard,63.2747,1.7423,115.2868,0.0434,180.3472
1768466623,445,Naive,Standard,75.7567,1.8391,101.9299,0.0577,179.5835
1768466623,452,Naive,Standard,57.9388,1.7997,58.3713,0.0432,118.1531
1768466623,450,Naive,Standard,54.5912,1.8308,81.1223,0.1180,137.6622
1768466623,448,Naive,Standard,71.1753,5.8534,92.3414,0.0575,169.4277
1768466623,453,Naive,Standard,64.1601,1.9576,60.2703,0.0362,126.4242
1768466623,451,Naive,Standard,59.6625,1.7183,94.3326,0.0590,155.7725
1768466623,454,Naive,Standard,85.7266,1.6818,55.0629,0.0504,142.5218
1768466623,457,Naive,Standard,73.1430,1.6881,48.1348,0.0459,123.0117
1768466623,460,Naive,Standard,78.2678,1.6730,55.8011,0.0739,135.8159
1768466623,456,Naive,Standard,65.6353,1.8128,86.9171,0.0524,154.4176
1768466624,462,Naive,Standard,52.9687,1.7848,59.1722,0.0701,113.9959
1768466624,463,Naive,Standard,53.7025,1.7782,47.1881,0.0364,102.7051
1768466624,458,Naive,Standard,78.3885,1.8805,88.6195,0.0242,168.9126
1768466624,455,Naive,Standard,83.2534,1.6669,112.3784,0.0625,197.3613
1768466624,461,Naive,Standard,64.2776,1.7152,90.2682,0.0527,156.3137
1768466624,459,Naive,Standard,73.1742,1.6353,116.5914,0.0394,191.4403
1768466624,465,Naive,Standard,74.3810,1.7279,52.2664,0.0342,128.4095
1768466624,464,Naive,Standard,80.9835,1.9029,70.1397,0.0517,153.0778
1768466624,467,Naive,Standard,80.8836,1.4669,63.3126,0.0535,145.7166
1768466624,466,Naive,Standard,80.5018,1.5493,72.3131,0.0613,154.4254
1768466624,472,Naive,Standard,49.2775,1.7775,49.0793,0.0506,100.1848
1768466624,473,Naive,Standard,63.2365,1.4669,54.5763,0.0546,119.3344
1768466624,474,Naive,Standard,56.1655,1.6517,42.3882,0.0361,100.2415
1768466624,469,Naive,Standard,73.1388,2.5530,111.2972,0.0382,187.0271
1768466624,470,Naive,Standard,74.3222,5.3758,99.3904,0.0532,179.1416
1768466624,468,Naive,Standard,69.2792,5.3833,121.0989,0.0432,195.8046
1768466624,475,Naive,Standard,64.7430,1.7580,68.4331,0.0608,134.9949
1768466624,476,Naive,Standard,78.5732,1.3769,61.5793,0.0592,141.5886
1768466624,471,Naive,Standard,77.6902,1.6200,121.4750,0.0527,200.8378
1768466624,477,Naive,Standard,97.7478,1.4006,50.5013,0.0479,149.6976
1768466624,478,Naive,Standard,78.7819,1.9622,55.2690,0.0394,136.0526
1768466624,485,Naive,Standard,49.8128,2.1469,48.8539,0.0997,100.9133
1768466624,479,Naive,Standard,72.7306,3.6214,88.2917,0.0348,164.6785
1768466624,482,Naive,Standard,77.2191,1.9797,64.1386,0.0433,143.3807
1768466624,480,Naive,Standard,79.4433,5.9188,83.0251,0.0775,168.4647
1768466624,481,Naive,Standard,70.5428,1.5918,89.2927,0.0384,161.4657
1768466624,483,Naive,Standard,72.9326,1.9201,84.7451,0.0562,159.6541
1768466624,486,Naive,Standard,47.0422,1.7681,80.9344,0.0571,129.8018
1768466624,484,Naive,Standard,68.8986,2.0095,94.6937,0.0840,165.6858
1768466624,489,Naive,Standard,79.6584,1.8289,51.6216,0.0465,133.1555
1768466624,487,Naive,Standard,90.3441,1.8242,56.6468,0.0433,148.8584
1768466624,491,Naive,Standard,66.2718,1.9610,74.5302,0.0582,142.8212
1768466624,490,Naive,Standard,62.5874,2.1927,81.1727,0.0474,146.0002
1768466624,488,Naive,Standard,79.4395,8.4061,82.8562,0.0525,170.7543
1768466624,495,Naive,Standard,45.7185,1.8026,52.6494,0.0588,100.2292
1768466624,496,Naive,Standard,50.3477,1.8173,51.8150,0.0597,104.0397
1768466624,492,Naive,Standard,75.0778,1.8463,86.2466,0.0383,163.2090
1768466624,493,Naive,Standard,87.0880,1.7510,90.5954,0.0462,179.4806
1768466624,494,Naive,Standard,85.1770,1.8589,93.9050,0.0422,180.9831
1768466624,501,Naive,Standard,61.9579,1.6394,47.8111,0.0673,111.4757
1768466624,500,Naive,Standard,79.6686,1.8048,53.0844,0.0414,134.5993
1768466624,497,Naive,Standard,76.0559,1.9665,83.6239,0.0555,161.7018
1768466624,498,Naive,Standard,79.2335,1.8781,82.8727,0.0341,164.0184
1768466624,499,Naive,Standard,83.0658,1.8507,82.0428,0.0307,166.9900
1768466624,502,Naive,Standard,65.1024,1.9041,86.1071,0.0767,153.1903
1768466624,503,Naive,Standard,68.8099,1.6924,79.5655,0.0485,150.1163
1768466624,505,Naive,Standard,67.9352,1.8027,50.7186,0.1441,120.6006
1768466624,506,Naive,Standard,69.4489,1.7751,57.8445,0.0472,129.1157
1768466624,504,Naive,Standard,80.8130,1.7950,86.0566,0.0438,168.7084
1768466624,508,Naive,Standard,56.7167,1.7668,78.7043,0.0499,137.2378
1768466624,509,Naive,Standard,59.1251,1.8593,81.8978,0.0464,142.9286
1768466624,512,Naive,Standard,67.2593,1.8964,48.3717,0.0537,117.5812
1768466624,507,Naive,Standard,75.8671,5.8334,91.7815,0.0673,173.5493
1768466624,513,Naive,Standard,49.9960,1.8045,58.7348,0.0579,110.5932
1768466624,511,Naive,Standard,76.3129,6.0986,80.0429,0.0590,162.5134
1768466624,510,Naive,Standard,87.5233,1.8070,97.1557,0.0967,186.5827
1768466624,517,Naive,Standard,80.9543,1.9327,49.8457,0.0511,132.7837
1768466624,514,Naive,Standard,58.4980,1.8358,93.0503,0.0367,153.4208
1768466624,515,Naive,Standard,79.5297,9.8538,83.6124,0.0629,173.0589
1768466624,519,Naive,Standard,68.0082,1.6902,64.6094,0.0886,134.3964
1768466624,516,Naive,Standard,85.7906,1.7607,95.4267,0.0512,183.0293
1768466624,518,Naive,Standard,62.8456,1.7814,88.7367,0.0476,153.4113
1768466624,522,Naive,Standard,79.7056,2.0952,50.9820,0.0458,132.8285
1768466624,520,Naive,Standard,83.4688,1.8727,69.6339,0.0394,155.0148
1768466624,521,Naive,Standard,76.2814,1.8370,85.5025,0.0543,163.6752
1768466624,525,Naive,Standard,78.3565,1.8508,49.9155,0.0664,130.1893
1768466624,523,Naive,Standard,68.7067,1.6028,86.8110,0.1645,157.2849
1768466624,528,Naive,Standard,66.6435,1.5986,50.9085,0.0699,119.2205
1768466624,526,Naive,Standard,84.2098,1.7600,75.9686,0.0694,162.0078
1768466624,524,Naive,Standard,74.3243,5.9929,86.8786,0.0396,167.2354
1768466624,527,Naive,Standard,65.4822,5.8040,84.2846,0.1709,155.7418
1768466624,531,Naive,Standard,63.5918,2.2860,56.5922,0.0416,122.5115
1768466624,529,Naive,Standard,67.3924,1.6238,91.0606,0.0448,160.1216
1768466624,533,Naive,Standard,61.5847,1.8255,51.8487,0.0477,115.3067
1768466624,530,Naive,Standard,66.1168,5.8411,87.7492,0.0423,159.7494
1768466624,532,Naive,Standard,65.3425,1.8440,93.9926,0.0463,161.2254
1768466624,537,Naive,Standard,88.7676,1.7215,53.2833,0.1476,143.9199
1768466624,535,Naive,Standard,77.8153,1.6596,79.6758,0.0559,159.2065
1768466624,534,Naive,Standard,72.8519,1.8606,95.3186,0.0535,170.0845
1768466624,539,Naive,Standard,72.9831,1.7638,54.5235,0.0494,129.3199
1768466624,536,Naive,Standard,77.7203,2.0080,90.6464,0.0328,170.4075
1768466624,538,Naive,Standard,70.3412,1.8982,85.2103,0.0530,157.5027
1768466624,540,Naive,Standard,56.4792,1.8880,78.4847,0.0580,136.9099
1768466624,542,Naive,Standard,78.5078,4.2820,48.6695,0.0470,131.5062
1768466624,545,Naive,Standard,61.4767,2.1296,50.0628,0.0481,113.7173
1768466624,544,Naive,Standard,71.2340,1.8759,76.9087,0.0522,150.0708
1768466624,541,Naive,Standard,83.7754,1.7030,106.2867,0.0746,191.8397
1768466624,549,Naive,Standard,50.3942,1.9048,49.1867,0.0392,101.5249
1768466624,548,Naive,Standard,77.3664,1.5931,53.1975,2.8917,135.0488
1768466624,550,Naive,Standard,66.0369,1.8355,53.6335,0.2356,121.7415
1768466624,546,Naive,Standard,71.4099,1.6816,99.7924,0.0403,172.9243
1768466624,543,Naive,Standard,71.1646,6.0318,119.8823,0.0439,197.1226
1768466624,547,Naive,Standard,63.8805,1.8903,94.0635,0.0314,159.8656
1768466624,553,Naive,Standard,78.7328,1.7535,49.2079,0.0525,129.7466
1768466624,552,Naive,Standard,76.9545,1.7508,71.7165,0.0458,150.4676
1768466624,555,Naive,Standard,87.9961,1.7746,52.8758,0.0421,142.6886
1768466624,551,Naive,Standard,79.1526,1.7600,97.1623,0.0530,178.1279
1768466624,554,Naive,Standard,68.7473,1.6601,95.7638,0.0424,166.2136
1768466624,559,Naive,Standard,55.5361,1.8409,47.5600,0.0469,104.9839
1768466624,557,Naive,Standard,72.2583,1.8769,85.1521,0.0638,159.3511
1768466624,558,Naive,Standard,51.5066,1.9570,86.6704,0.0361,140.1702
1768466624,556,Naive,Standard,70.2812,5.7859,91.5739,0.0566,167.6976
1768466624,561,Naive,Standard,64.4345,1.5900,58.3552,0.0520,124.4318
1768466624,564,Naive,Standard,67.9741,1.7330,51.7741,0.0741,121.5552
1768466624,560,Naive,Standard,61.4739,5.6385,79.7589,0.0443,146.9156
1768466625,562,Naive,Standard,77.7166,5.8992,90.8672,0.0669,174.5500
1768466625,568,Naive,Standard,59.2327,1.7632,50.3279,0.0460,111.3699
1768466625,563,Naive,Standard,77.0234,1.6963,97.5079,0.0846,176.3122
1768466625,566,Naive,Standard,81.6834,1.7049,81.8930,0.0385,165.3198
1768466625,569,Naive,Standard,78.3665,1.7551,54.7244,0.0558,134.9017
1768466625,565,Naive,Standard,80.0852,1.7700,99.4729,0.0574,181.3856
1768466625,567,Naive,Standard,66.2242,1.8509,97.1081,0.0366,165.2198
1768466625,570,Naive,Standard,59.3083,1.8301,69.6673,0.0528,130.8584
1768466625,572,Naive,Standard,72.3838,1.7787,49.2490,0.0541,123.4656
1768466625,575,Naive,Standard,84.7074,1.6660,49.0638,0.0601,135.4974
1768466625,571,Naive,Standard,70.4252,1.7756,90.9470,0.0828,163.2306
1768466625,574,Naive,Standard,83.0580,1.7432,83.6872,0.0449,168.5333
1768466625,579,Naive,Standard,48.6100,1.8548,46.2515,0.0627,96.7791
1768466625,573,Naive,Standard,82.9842,1.8523,92.8365,0.0430,177.7161
1768466625,580,Naive,Standard,71.9749,1.9808,47.7559,0.0662,121.7778
1768466625,576,Naive,Standard,81.3323,1.4489,93.9486,0.0692,176.7989
1768466625,578,Naive,Standard,70.8884,1.8661,87.2203,0.0408,160.0156
1768466625,577,Naive,Standard,62.0378,5.8340,98.8209,0.0489,166.7416
1768466625,583,Naive,Standard,73.5880,1.6983,55.4281,0.0689,130.7834
1768466625,585,Naive,Standard,87.7198,1.9162,50.2480,0.0570,139.9409
1768466625,581,Naive,Standard,76.2250,1.6034,87.6912,0.0589,165.5786
1768466625,582,Naive,Standard,81.5438,5.8485,82.4891,0.0333,169.9148
1768466625,584,Naive,Standard,68.7467,1.9796,88.6070,0.0322,159.3655
1768466625,586,Naive,Standard,79.1450,1.8947,82.0767,0.0520,163.1685
1768466625,589,Naive,Standard,62.9954,1.8616,53.2971,0.0547,118.2087
1768466625,587,Naive,Standard,72.5620,1.6618,82.0534,0.0415,156.3187
1768466625,590,Naive,Standard,72.1526,1.9084,55.6212,0.0502,129.7324
1768466625,588,Naive,Standard,55.4035,7.6815,92.9041,0.0441,156.0332
1768466625,595,Naive,Standard,73.2822,1.8780,49.2583,0.0527,124.4713
1768466625,591,Naive,Standard,75.6952,5.7177,82.5479,0.0691,164.0299
1768466625,592,Naive,Standard,69.0700,5.8690,94.9152,0.0888,169.9429
1768466625,593,Naive,Standard,68.8319,5.6908,83.8254,0.0311,158.3792
1768466625,597,Naive,Standard,73.1679,1.8309,52.0403,0.0453,127.0845
1768466625,594,Naive,Standard,83.3181,1.7838,78.8587,0.0747,164.0352
1768466625,596,Naive,Standard,75.7785,1.8332,96.0067,4.6615,178.2799
1768466625,599,Naive,Standard,80.4442,1.6380,55.1979,0.0525,137.3326
1768466625,598,Naive,Standard,55.3248,7.8111,81.5046,0.0571,144.6977
1768466625,604,Naive,Standard,74.3319,4.8706,48.3344,0.2668,127.8037
1768466625,603,Naive,Standard,71.3815,2.2256,63.0505,0.0323,136.6900
1768466625,600,Naive,Standard,74.9676,5.8582,86.9500,0.0495,167.8253
1768466625,606,Naive,Standard,80.9776,1.9037,47.7665,0.0495,130.6973
1768466625,605,Naive,Standard,77.8408,1.9027,71.4600,0.0597,151.2632
1768466625,602,Naive,Standard,69.1724,1.8345,109.2549,0.0699,180.3317
1768466625,608,Naive,Standard,71.8972,1.8296,51.5817,0.0378,125.3463
1768466625,601,Naive,Standard,80.2592,1.7293,114.5238,0.0532,196.5656
1768466625,611,Naive,Standard,74.3530,1.5829,46.9880,0.0603,122.9842
1768466625,609,Naive,Standard,58.3165,1.9654,70.8564,0.0441,131.1823
1768466625,610,Naive,Standard,66.0592,1.2124,72.9061,8.0393,148.2170
1768466625,614,Naive,Standard,70.4215,2.0209,45.9788,0.0403,118.4615
1768466625,607,Naive,Standard,54.5516,9.9272,131.5850,0.0577,196.1216
1768466625,616,Naive,Standard,64.9754,1.6473,55.6252,0.0510,122.2989
1768466625,617,Naive,Standard,62.2371,1.7637,50.5443,0.0482,114.5933
1768466625,612,Naive,Standard,94.9138,1.7399,88.5479,0.0460,185.2476
1768466625,619,Naive,Standard,70.4996,1.2639,46.4706,0.0482,118.2823
1768466625,615,Naive,Standard,69.0683,1.8821,118.2174,0.0806,189.2483
1768466625,621,Naive,Standard,78.7951,1.7514,51.7682,0.0967,132.4114
1768466625,613,Naive,Standard,68.8410,1.8856,130.0670,0.0555,200.8491
1768466625,622,Naive,Standard,70.2480,1.9236,60.6704,0.1197,132.9617
1768466625,624,Naive,Standard,74.6424,1.6007,48.5394,0.0243,124.8068
1768466625,618,Naive,Standard,79.2646,1.7744,110.5169,0.0350,191.5909
1768466625,623,Naive,Standard,71.8994,1.5143,75.4759,0.0484,148.9380
1768466625,620,Naive,Standard,71.8997,1.8320,97.7388,0.1565,171.6269
1768466625,626,Naive,Standard,77.9386,1.8028,51.2648,0.0458,131.0520
1768466625,625,Naive,Standard,91.5451,1.9027,77.4448,0.0534,170.9459
1768466625,629,Naive,Standard,59.0702,1.7468,61.5965,0.0510,122.4644
1768466625,628,Naive,Standard,69.0404,1.2011,82.3326,0.0499,152.6240
1768466625,632,Naive,Standard,72.2388,1.7195,56.9246,0.0383,130.9212
1768466625,633,Naive,Standard,51.6589,1.8412,57.5157,0.0461,111.0618
1768466625,627,Naive,Standard,84.9429,1.9795,106.6753,0.0369,193.6346
1768466625,631,Naive,Standard,72.0786,1.8256,97.7346,0.0467,171.6854
1768466625,630,Naive,Standard,70.2978,9.2913,108.0905,0.0622,187.7418
1768466625,636,Naive,Standard,83.0210,1.8122,53.7505,0.0348,138.6185
1768466625,635,Naive,Standard,66.6763,1.8405,73.9076,0.0624,142.4869
1768466625,637,Naive,Standard,72.6593,2.1666,57.2666,0.0340,132.1265
1768466625,638,Naive,Standard,75.6459,1.7077,57.0355,0.0500,134.4391
1768466625,634,Naive,Standard,70.3930,1.8415,100.4377,0.0391,172.7112
1768466625,642,Naive,Standard,78.0136,1.8450,51.0287,0.0529,130.9402
1768466625,644,Naive,Standard,48.9522,2.6628,61.1626,0.0655,112.8431
1768466625,640,Naive,Standard,79.5989,1.9888,102.0301,0.0636,183.6814
1768466625,643,Naive,Standard,71.2635,1.6714,74.6721,0.0262,147.6332
1768466625,645,Naive,Standard,62.9285,2.7220,60.0074,0.0313,125.6891
1768466625,639,Naive,Standard,78.6999,1.2231,123.0026,0.0371,202.9627
1768466625,646,Naive,Standard,54.5447,1.8158,78.7985,0.0507,135.2097
1768466625,641,Naive,Standard,81.4919,1.9572,121.9326,0.0568,205.4385
1768466625,647,Naive,Standard,85.0707,1.6494,68.0579,0.0507,154.8287
1768466625,648,Naive,Standard,90.4691,3.0221,63.1040,0.0456,156.6409
1768466625,651,Naive,Standard,78.1540,2.0217,56.4241,0.1955,136.7952
1768466625,650,Naive,Standard,75.9862,1.5356,74.2030,0.0487,151.7735
1768466625,649,Naive,Standard,75.9502,1.5157,85.2359,0.0513,162.7532
1768466625,655,Naive,Standard,62.6838,1.9314,53.4338,0.0476,118.0966
1768466625,653,Naive,Standard,75.0601,1.7417,75.6352,0.0467,152.4837
1768466625,657,Naive,Standard,59.2451,1.9842,55.3088,0.0710,116.6092
1768466625,656,Naive,Standard,64.7794,1.7777,62.1548,0.0404,128.7523
1768466625,652,Naive,Standard,72.4650,1.2771,126.2017,0.0502,199.9940
1768466625,654,Naive,Standard,87.9195,1.8976,119.3153,0.0485,209.1809
1768466625,660,Naive,Standard,83.7931,1.6263,59.8995,0.0367,145.3556
1768466625,658,Naive,Standard,74.0401,1.8652,85.9616,0.0542,161.9211
1768466625,659,Naive,Standard,72.5941,1.6133,87.2992,0.0524,161.5589
1768466625,663,Naive,Standard,69.0029,1.8715,54.1484,0.0545,125.0772
1768466625,661,Naive,Standard,74.1704,1.8108,80.8547,0.0602,156.8962
1768466625,662,Naive,Standard,82.0679,2.0448,68.0106,0.0460,152.1694
1768466626,666,Naive,Standard,76.5992,1.2764,70.1113,0.0636,148.0505
1768466626,664,Naive,Standard,73.2026,1.5339,94.3069,0.0334,169.0769
1768466626,665,Naive,Standard,94.8130,1.7903,85.0761,0.0811,181.7606
1768466626,667,Naive,Standard,68.2218,1.7603,80.2222,0.0715,150.2757
1768466626,669,Naive,Standard,68.7374,2.5116,70.0461,0.1756,141.4707
1768466626,671,Naive,Standard,58.9782,2.7944,60.7829,0.0383,122.5938
1768466626,668,Naive,Standard,68.7582,1.7781,79.3862,0.0437,149.9662
1768466626,670,Naive,Standard,53.3119,1.6458,91.3003,0.0975,146.3555
1768466626,672,Naive,Standard,84.3821,1.9407,71.9143,0.0542,158.2913
1768466626,677,Naive,Standard,72.0840,1.8356,56.2462,1.6444,131.8102
1768466626,676,Naive,Standard,68.1276,2.8697,60.1835,6.7046,137.8854
1768466626,678,Naive,Standard,65.7066,6.0132,56.4620,0.0474,128.2293
1768466626,673,Naive,Standard,62.9746,1.8540,94.7787,0.0547,159.6620
1768466626,674,Naive,Standard,75.7263,6.5131,88.0250,0.0279,170.2922
1768466626,675,Naive,Standard,77.5425,1.5756,89.1206,0.0525,168.2912
1768466626,679,Naive,Standard,84.9883,5.8137,74.9414,0.0414,165.7848
1768466626,681,Naive,Standard,76.5722,2.4071,56.4941,0.0501,135.5234
1768466626,683,Naive,Standard,68.3283,1.8007,51.1431,0.0385,121.3107
1768466626,680,Naive,Standard,69.3889,5.8872,79.8122,0.0506,155.1389
1768466626,682,Naive,Standard,67.4105,1.8989,94.6560,0.0619,164.0273
1768466626,684,Naive,Standard,76.6890,5.9813,82.8704,0.0422,165.5829
1768466626,689,Naive,Standard,46.7825,1.9218,53.0300,0.3036,102.0379
1768466626,686,Naive,Standard,77.6671,5.9262,88.3450,0.0551,171.9934
1768466626,688,Naive,Standard,45.8169,1.4550,62.5447,0.0334,109.8499
1768466626,685,Naive,Standard,75.5788,1.6602,98.1951,0.0236,175.4577
1768466626,690,Naive,Standard,64.8165,1.7371,70.6688,0.0394,137.2617
1768466626,687,Naive,Standard,73.3993,5.0665,107.2502,0.0504,185.7664
1768466626,693,Naive,Standard,79.1458,1.4928,50.8835,0.0539,131.5760
1768466626,696,Naive,Standard,57.9380,1.7516,50.1652,0.1676,110.0224
1768466626,695,Naive,Standard,75.6690,1.8105,59.3138,0.0378,136.8310
1768466626,694,Naive,Standard,86.3871,1.7119,77.9084,0.0476,166.0549
1768466626,691,Naive,Standard,89.0682,6.6195,99.7400,0.0438,195.4714
1768466626,692,Naive,Standard,78.8043,5.8842,111.8720,0.0415,196.6019
1768466626,699,Naive,Standard,55.9713,1.9249,54.1510,0.0476,112.0949
1768466626,697,Naive,Standard,81.2328,1.8288,72.2938,0.0360,155.3914
1768466626,700,Naive,Standard,63.2956,1.8578,58.3070,0.0477,123.5081
1768466626,701,Naive,Standard,57.6109,1.8743,55.5018,0.0704,115.0574
1768466626,705,Naive,Standard,66.5477,1.8753,48.3078,0.0554,116.7861
1768466626,702,Naive,Standard,75.8009,1.7849,80.1902,0.0397,157.8158
1768466626,707,Naive,Standard,66.8057,1.7918,58.4182,0.0986,127.1143
1768466626,708,Naive,Standard,58.9641,1.8950,56.7712,0.0427,117.6730
1768466626,706,Naive,Standard,65.6016,5.9366,70.7892,0.0400,142.3674
1768466626,698,Naive,Standard,76.7086,10.0537,143.0305,0.0690,229.8618
1768466626,709,Naive,Standard,77.0507,1.7990,47.6457,0.0454,126.5408
1768466626,704,Naive,Standard,95.3938,1.8249,113.5327,0.0502,210.8016
1768466626,703,Naive,Standard,82.3669,1.9026,127.8402,0.0605,212.1702
1768466626,712,Naive,Standard,69.8975,1.8813,51.5846,0.0500,123.4134
1768466626,711,Naive,Standard,80.1110,1.9814,54.5409,0.0331,136.6665
1768466626,713,Naive,Standard,71.0741,1.7078,81.9560,0.0515,154.7895
1768466626,710,Naive,Standard,76.2370,5.6274,103.3679,0.0407,185.2730
1768466626,718,Naive,Standard,60.2521,1.8974,48.7617,0.0741,110.9852
1768466626,714,Naive,Standard,79.3915,1.8741,93.8850,0.0454,175.1961
1768466626,717,Naive,Standard,63.9612,4.8686,65.7746,0.0491,134.6535
1768466626,719,Naive,Standard,51.3134,1.9124,60.0027,0.0380,113.2665
1768466626,716,Naive,Standard,85.3975,1.9543,93.6166,0.0456,181.0140
1768466626,715,Naive,Standard,82.5825,2.0890,111.1894,0.0437,195.9045
1768466626,722,Naive,Standard,87.2653,1.8677,51.2624,0.0619,140.4574
1768466626,725,Naive,Standard,62.1420,1.9202,47.9921,0.0474,112.1018
1768466626,724,Naive,Standard,78.7179,1.6967,54.0022,0.0708,134.4876
1768466626,723,Naive,Standard,77.5727,1.4988,80.2757,0.0490,159.3962
1768466626,720,Naive,Standard,80.3335,1.8870,118.2297,0.0610,200.5112
1768466626,728,Naive,Standard,70.6274,1.8427,48.8616,0.0456,121.3774
1768466626,726,Naive,Standard,76.8902,1.9151,87.1160,0.0465,165.9678
1768466626,729,Naive,Standard,68.4355,1.7845,54.2250,0.0361,124.4812
1768466626,730,Naive,Standard,62.1496,2.1381,54.6604,0.0623,119.0105
1768466626,721,Naive,Standard,88.3128,1.9137,141.7111,0.0507,231.9882
1768466626,727,Naive,Standard,70.3335,1.8616,117.8469,0.0574,190.0995
1768466626,733,Naive,Standard,86.8366,1.7670,52.8733,0.0651,141.5422
1768466626,731,Naive,Standard,76.4626,5.9035,71.5701,0.0484,153.9846
1768466626,735,Naive,Standard,81.2354,1.8319,60.3965,0.0772,143.5409
1768466626,734,Naive,Standard,78.9788,1.7827,76.9789,0.0546,157.7950
1768466626,732,Naive,Standard,83.4635,1.8047,94.8807,0.0239,180.1729
1768466626,739,Naive,Standard,67.8931,2.0195,53.7671,0.0562,123.7358
1768466626,736,Naive,Standard,66.3208,2.7506,91.5884,0.0477,160.7075
1768466626,740,Naive,Standard,58.8120,2.1954,66.2800,0.0754,127.3628
1768466626,738,Naive,Standard,81.8487,1.6757,84.3248,0.0411,167.8903
1768466626,737,Naive,Standard,61.8451,1.5190,107.3523,0.0714,170.7879
1768466626,743,Naive,Standard,70.9443,2.9273,50.5050,0.0617,124.4383
1768466626,741,Naive,Standard,65.9471,1.6767,71.1946,0.0319,138.8503
1768466626,742,Naive,Standard,68.7794,1.8699,82.8576,0.0555,153.5624
1768466626,746,Naive,Standard,66.6884,1.9047,68.9857,0.0675,137.6463
1768466626,747,Naive,Standard,75.9217,2.1049,60.3769,0.0493,138.4528
1768466626,749,Naive,Standard,64.3034,1.7908,58.4813,0.0465,124.6220
1768466626,745,Naive,Standard,80.0105,1.7831,93.8186,0.0428,175.6550
1768466626,744,Naive,Standard,86.9835,9.9684,95.5974,0.0501,192.5995
1768466626,750,Naive,Standard,56.4258,1.9801,84.5976,0.0861,143.0897
1768466626,748,Naive,Standard,78.6833,1.7717,104.9087,0.0516,185.4153
1768466626,752,Naive,Standard,79.2739,1.8057,63.1971,0.0607,144.3373
1768466626,753,Naive,Standard,80.3254,1.7929,72.2225,0.0420,154.3829
1768466626,751,Naive,Standard,70.8068,1.9088,101.5491,0.0451,174.3097
1768466626,754,Naive,Standard,81.0198,1.8659,78.2286,0.1014,161.2156
1768466626,756,Naive,Standard,77.2415,1.6742,77.4770,0.0481,156.4408
1768466626,755,Naive,Standard,72.6620,1.6055,86.3394,0.0572,160.6640
1768466626,757,Naive,Standard,87.6700,1.6394,76.8643,0.0925,166.2663
1768466626,758,Naive,Standard,83.3475,1.8532,80.6841,0.0530,165.9378
1768466626,759,Naive,Standard,79.6885,1.8131,71.2570,0.0636,152.8222
1768466626,760,Naive,Standard,68.5851,2.2033,68.2418,0.0416,139.0718
1768466626,762,Naive,Standard,75.3170,1.7931,77.5302,0.0544,154.6947
1768466626,761,Naive,Standard,77.7498,1.9151,87.8616,0.0672,167.5937
1768466626,763,Naive,Standard,82.1366,1.8805,77.1239,0.0412,161.1822
1768466626,764,Naive,Standard,75.2343,1.6404,82.9543,0.0570,159.8860
1768466627,767,Naive,Standard,64.8739,1.8993,61.4440,0.0437,128.2609
1768466627,765,Naive,Standard,68.1892,1.8367,81.2277,0.0739,151.3276
1768466627,766,Naive,Standard,78.4420,1.9009,71.9391,0.0404,152.3225
1768466627,769,Naive,Standard,87.5592,2.3225,52.2443,0.0908,142.2168
1768466627,768,Naive,Standard,61.3364,1.9101,104.1339,0.0597,167.4400
1768466627,771,Naive,Standard,71.8536,5.6961,83.9833,0.0541,161.5871
1768466627,773,Naive,Standard,69.8889,1.3181,66.0801,0.0518,137.3389
1768466627,772,Naive,Standard,81.5935,1.7855,81.9661,0.1016,165.4468
1768466627,770,Naive,Standard,78.6979,1.9060,103.2887,0.0430,183.9356
1768466627,774,Naive,Standard,71.4409,1.7955,75.3254,0.0369,148.5987
1768466627,775,Naive,Standard,61.3856,2.9739,85.4237,0.0501,149.8333
1768466627,776,Naive,Standard,73.4703,1.4591,69.3375,0.0369,144.3038
1768466627,777,Naive,Standard,77.4935,1.6958,75.6439,0.0402,154.8735
1768466627,784,Naive,Standard,20.7331,1.3307,46.2345,0.0541,68.3522
1768466627,779,Naive,Standard,83.9742,1.8011,76.6502,0.0369,162.4624
1768466627,782,Naive,Standard,71.9157,1.7975,69.6925,0.0469,143.4526
1768466627,778,Naive,Standard,93.8219,1.2795,86.9108,0.0426,182.0548
1768466627,780,Naive,Standard,75.9450,1.9389,96.8874,0.0464,174.8176
1768466627,783,Naive,Standard,84.1589,1.9673,88.4304,0.0733,174.6300
1768466627,785,Naive,Standard,52.0029,1.6443,60.9329,0.1095,114.6895
1768466627,786,Naive,Standard,57.4874,1.9278,54.0036,0.0561,113.4749
1768466627,787,Naive,Standard,59.2889,1.2610,66.2837,0.0407,126.8743
1768466627,788,Naive,Standard,11.9042,1.7624,66.6140,0.0459,80.3265
1768466627,781,Naive,Standard,70.9685,1.2703,142.1399,0.0458,214.4244
1768466627,793,Naive,Standard,7.4863,1.9361,41.5705,0.0382,51.0310
1768466627,792,Naive,Standard,29.7554,2.6410,60.0955,0.0459,92.5377
1768466627,790,Naive,Standard,19.7615,1.3429,87.4808,0.2685,108.8537
1768466627,789,Naive,Standard,5.1236,1.8323,96.7716,7.4453,111.1727
1768466627,791,Naive,Standard,20.8833,2.0057,83.7964,0.0352,106.7207
1768466627,795,Naive,Standard,0.0524,1.3316,61.4899,0.0943,62.9682
1768466627,794,Naive,Standard,0.6804,1.5549,74.1739,0.0894,76.4986
1768466627,796,Naive,Standard,1.0369,1.6513,67.5301,0.0438,70.2621
1768466627,797,Naive,Standard,0.0240,1.9046,46.2799,0.0342,48.2427
1768466627,798,Naive,Standard,2.6297,1.8410,38.7450,0.0667,43.2824
1768466627,799,Naive,Standard,2.8148,1.6736,32.1285,0.0291,36.6459
1768466895,0,Naive,Standard,0.0316,2.1485,47.4079,0.0751,49.6631
1768466895,1,Naive,Standard,0.0326,1.9462,66.7239,0.0464,68.7492
1768466895,2,Naive,Standard,0.0299,2.2711,67.2512,0.0372,69.5894
1768466895,8,Naive,Standard,19.4183,1.8185,44.2607,0.0775,65.5749
1768466895,3,Naive,Standard,0.1643,2.7261,90.5533,0.3654,93.8092
1768466895,5,Naive,Standard,0.2054,1.9739,96.7738,0.0532,99.0064
1768466895,7,Naive,Standard,4.4469,1.8978,85.0768,0.0336,91.4551
1768466895,4,Naive,Standard,1.2799,1.9977,103.2909,2.9258,109.4944
1768466895,9,Naive,Standard,34.1782,1.6577,50.5662,0.2326,86.6347
1768466895,6,Naive,Standard,2.4129,1.9231,118.3255,0.7301,123.3916
1768466895,10,Naive,Standard,36.4010,1.8367,62.5904,3.5876,104.4156
1768466895,11,Naive,Standard,56.2193,1.7479,60.1218,0.0484,118.1375
1768466895,14,Naive,Standard,55.4695,1.5843,61.9409,0.2920,119.2868
1768466895,16,Naive,Standard,55.0568,3.0475,56.0101,0.0619,114.1764
1768466895,12,Naive,Standard,50.6190,3.0656,86.6793,0.0370,140.4008
1768466895,13,Naive,Standard,62.6073,1.6603,91.5350,0.0578,155.8605
1768466895,15,Naive,Standard,56.4016,1.2514,95.6894,0.1988,153.5412
1768466895,18,Naive,Standard,59.5632,1.8101,76.9087,0.0401,138.3221
1768466895,19,Naive,Standard,52.1205,1.6163,60.7477,0.0450,114.5296
1768466895,17,Naive,Standard,58.8018,1.6993,90.7455,0.0550,151.3015
1768466895,21,Naive,Standard,57.7545,4.0330,56.9505,0.0397,118.7777
1768466895,20,Naive,Standard,69.4277,1.6832,65.0004,0.0845,136.1958
1768466895,24,Naive,Standard,93.9706,1.6463,60.4748,0.0574,156.1490
1768466895,26,Naive,Standard,69.6063,1.7258,65.2871,0.0667,136.6859
1768466895,22,Naive,Standard,62.7513,5.4273,99.3010,0.0513,167.5309
1768466895,28,Naive,Standard,57.2355,1.1858,52.8685,0.0414,111.3312
1768466895,25,Naive,Standard,73.3030,1.6926,78.2578,0.0432,153.2966
1768466895,23,Naive,Standard,80.3946,1.3677,102.1211,3.5238,187.4072
1768466895,27,Naive,Standard,66.7047,1.7516,90.4462,0.0655,158.9680
1768466895,31,Naive,Standard,73.2048,1.4482,49.4853,0.0500,124.1883
1768466895,29,Naive,Standard,51.1140,1.8773,95.1288,0.0403,148.1605
1768466895,33,Naive,Standard,67.4486,1.6956,55.7910,0.0506,124.9858
1768466895,30,Naive,Standard,88.6784,1.5040,81.8903,0.0389,172.1115
1768466895,32,Naive,Standard,65.1075,1.4637,86.6026,0.0678,153.2416
1768466895,35,Naive,Standard,77.7352,1.8367,75.2081,0.0495,154.8295
1768466895,34,Naive,Standard,69.6903,9.5986,80.9933,0.0340,160.3162
1768466895,37,Naive,Standard,91.3680,1.8146,55.3507,0.0407,148.5739
1768466895,39,Naive,Standard,64.4716,1.4719,53.0414,0.0360,119.0209
1768466895,36,Naive,Standard,73.2018,1.6557,89.9711,0.0372,164.8658
1768466895,38,Naive,Standard,50.4525,1.5265,81.6145,0.0449,133.6384
1768466895,40,Naive,Standard,62.6645,1.6156,89.7988,0.0655,154.1444
1768466895,44,Naive,Standard,73.6735,1.4257,62.2780,0.0632,137.4405
1768466895,42,Naive,Standard,87.2732,1.9155,69.4618,1.8259,160.4764
1768466895,41,Naive,Standard,82.1620,1.9408,76.7275,0.3470,161.1774
1768466895,46,Naive,Standard,63.9947,2.0885,63.9423,0.0661,130.0916
1768466895,45,Naive,Standard,62.6156,1.7198,70.2429,0.0528,134.6312
1768466895,43,Naive,Standard,76.9745,3.3160,103.4493,0.0474,183.7872
1768466895,49,Naive,Standard,69.6347,2.0171,45.6396,0.0590,117.3504
1768466895,47,Naive,Standard,58.4581,5.4043,98.7508,0.0698,162.6830
1768466895,51,Naive,Standard,67.7853,2.1001,66.7304,0.0576,136.6734
1768466895,52,Naive,Standard,67.0880,1.6061,51.1623,0.0310,119.8873
1768466895,53,Naive,Standard,67.7933,1.6666,60.0258,0.0435,129.5291
1768466895,48,Naive,Standard,85.8775,1.2452,104.4302,0.0608,191.6138
1768466895,55,Naive,Standard,84.3899,1.6335,55.2866,0.0430,141.3529
1768466895,50,Naive,Standard,69.4157,9.1953,117.4489,0.0484,196.1084
1768466895,58,Naive,Standard,64.9958,1.9651,65.5824,0.0589,132.6022
1768466895,56,Naive,Standard,60.7168,1.6837,74.8367,0.0386,137.2759
1768466895,54,Naive,Standard,82.6640,1.7828,116.1031,0.0522,200.6020
1768466895,59,Naive,Standard,75.5901,1.6408,72.4322,0.0508,149.7140
1768466895,57,Naive,Standard,65.0523,3.0188,85.4631,0.0491,153.5832
1768466895,60,Naive,Standard,72.8335,2.7536,62.1100,0.0390,137.7361
1768466895,61,Naive,Standard,76.5722,1.8989,72.7187,0.0472,151.2371
1768466895,64,Naive,Standard,70.0759,1.6618,59.3829,0.6213,131.7417
1768466895,62,Naive,Standard,89.3125,1.5169,84.8189,0.0529,175.7012
1768466895,66,Naive,Standard,77.3538,1.6623,61.3474,0.0456,140.4092
1768466895,68,Naive,Standard,54.9932,1.9187,64.3582,0.0566,121.3267
1768466895,69,Naive,Standard,68.5374,1.5615,62.8350,0.0459,132.9798
1768466895,63,Naive,Standard,87.5601,1.8238,109.8769,0.0321,199.2930
1768466895,65,Naive,Standard,79.9167,5.9791,95.8806,0.0459,181.8222
1768466895,67,Naive,Standard,69.9740,1.7103,101.3147,0.0444,173.0435
1768466895,70,Naive,Standard,73.6386,1.8570,59.9042,0.0461,135.4460
1768466895,71,Naive,Standard,67.9815,1.7297,61.0160,0.0464,130.7737
1768466896,72,Naive,Standard,69.8741,2.6602,59.9764,0.0306,132.5413
1768466896,74,Naive,Standard,81.9127,1.6234,65.5620,0.0617,149.1598
1768466896,78,Naive,Standard,57.8656,2.0275,49.1083,0.0477,109.0491
1768466896,73,Naive,Standard,70.3963,1.7948,86.8004,0.0333,159.0248
1768466896,79,Naive,Standard,57.4291,1.6948,54.9232,0.0506,114.0977
1768466896,77,Naive,Standard,74.3885,1.6163,70.0253,0.0300,146.0601
1768466896,76,Naive,Standard,79.0495,1.7151,102.0382,0.0450,182.8478
1768466896,82,Naive,Standard,66.5941,2.0267,52.7878,0.0713,121.4799
1768466896,81,Naive,Standard,72.1985,1.5679,62.5353,0.0531,136.3548
1768466896,75,Naive,Standard,85.1055,1.7639,127.3420,0.0531,214.2645
1768466896,84,Naive,Standard,70.9340,1.6129,47.3718,0.0345,119.9532
1768466896,80,Naive,Standard,59.4294,1.4391,102.4316,0.0475,163.3475
1768466896,85,Naive,Standard,67.0594,1.6259,66.3503,0.0960,135.1315
1768466896,87,Naive,Standard,93.4157,2.7336,47.3333,0.0627,143.5454
1768466896,88,Naive,Standard,84.1226,1.5748,57.8065,0.0629,143.5667
1768466896,83,Naive,Standard,69.0768,5.3359,113.5247,0.0470,187.9843
1768466896,90,Naive,Standard,59.9248,1.6436,59.8915,0.0433,121.5032
1768466896,86,Naive,Standard,89.5338,1.8055,96.1404,0.0678,187.5476
1768466896,92,Naive,Standard,58.3530,1.8040,63.3965,0.0568,123.6103
1768466896,89,Naive,Standard,67.6379,1.6656,93.6360,0.0524,162.9919
1768466896,93,Naive,Standard,73.4856,2.5935,48.8886,0.0284,124.9961
1768466896,94,Naive,Standard,73.8646,1.5568,58.5392,0.0563,134.0168
1768466896,91,Naive,Standard,66.9480,1.4188,110.8026,0.0510,179.2204
1768466896,95,Naive,Standard,55.2855,6.5388,76.1178,0.0686,138.0107
1768466896,100,Naive,Standard,61.4231,2.0550,55.6447,0.1748,119.2975
1768466896,96,Naive,Standard,60.5187,9.6394,79.7368,0.0400,149.9350
1768466896,98,Naive,Standard,77.4962,1.8406,68.4356,0.0476,147.8200
1768466896,101,Naive,Standard,69.6057,1.2361,56.4307,0.0431,127.3155
1768466896,97,Naive,Standard,70.8992,1.8183,97.0554,0.0485,169.8213
1768466896,103,Naive,Standard,75.2382,2.0142,52.1169,0.0662,129.4355
1768466896,104,Naive,Standard,86.1134,1.7927,51.6032,0.0385,139.5477
1768466896,99,Naive,Standard,82.6482,7.8560,111.0856,0.0407,201.6305
1768466896,106,Naive,Standard,62.3750,2.1274,72.3404,0.0608,136.9036
1768466896,107,Naive,Standard,76.8831,1.3297,60.9615,0.0556,139.2299
1768466896,102,Naive,Standard,66.1997,1.3291,114.4075,0.0414,181.9777
1768466896,105,Naive,Standard,72.2775,2.7586,85.4933,0.0726,160.6020
1768466896,109,Naive,Standard,79.9031,1.7873,63.8724,0.0498,145.6126
1768466896,110,Naive,Standard,77.1843,1.1928,60.6193,0.0345,139.0309
1768466896,108,Naive,Standard,84.6486,5.8618,86.3033,0.0491,176.8628
1768466896,113,Naive,Standard,71.2606,1.7468,53.8531,0.0385,126.8990
1768466896,112,Naive,Standard,69.1296,1.9005,67.7926,0.0449,138.8675
1768466896,111,Naive,Standard,61.9938,1.7542,90.0547,0.0500,153.8527
1768466896,114,Naive,Standard,74.3733,4.0972,75.5263,0.0422,154.0389
1768466896,115,Naive,Standard,67.8706,1.9104,80.5015,0.0607,150.3432
1768466896,117,Naive,Standard,68.0513,5.8990,71.8463,0.0615,145.8581
1768466896,116,Naive,Standard,72.6747,1.6522,85.8733,0.0583,160.2585
1768466896,119,Naive,Standard,67.2290,1.2154,61.1619,0.0449,129.6512
1768466896,118,Naive,Standard,61.2108,6.0121,75.2952,0.0419,142.5600
1768466896,120,Naive,Standard,68.5376,1.8204,63.3648,0.0447,133.7675
1768466896,123,Naive,Standard,78.7675,4.2197,54.6646,0.0513,137.7031
1768466896,122,Naive,Standard,71.6608,1.7007,72.8344,0.0409,146.2367
1768466896,121,Naive,Standard,60.7360,1.8456,89.1332,4.4901,156.2049
1768466896,126,Naive,Standard,74.9873,1.9813,63.0009,0.0570,140.0264
1768466896,127,Naive,Standard,52.6711,7.8549,65.8913,0.0446,126.4620
1768466896,129,Naive,Standard,67.7081,1.8027,45.8625,0.0674,115.4406
1768466896,128,Naive,Standard,54.3467,1.2374,75.7987,0.0455,131.4283
1768466896,124,Naive,Standard,79.2080,1.7349,110.3788,0.0549,191.3766
1768466896,125,Naive,Standard,71.7700,1.7401,109.7187,0.0429,183.2718
1768466896,131,Naive,Standard,70.7165,2.3069,70.4453,0.0870,143.5556
1768466896,132,Naive,Standard,66.9149,1.8427,64.0649,0.0301,132.8526
1768466896,134,Naive,Standard,75.9073,1.8656,50.5189,0.0338,128.3256
1768466896,130,Naive,Standard,64.5162,2.4159,96.4504,0.0429,163.4253
1768466896,133,Naive,Standard,74.5892,4.2882,72.4537,0.2100,151.5411
1768466896,135,Naive,Standard,89.0434,1.2229,64.4851,0.0581,154.8095
1768466896,139,Naive,Standard,81.8782,1.2551,49.5642,0.0527,132.7501
1768466896,140,Naive,Standard,58.3687,1.8495,52.6238,0.0323,112.8743
1768466896,138,Naive,Standard,71.6241,1.7289,73.7374,0.0466,147.1370
1768466896,137,Naive,Standard,70.1031,1.7692,101.1323,0.0591,173.0637
1768466896,136,Naive,Standard,80.8980,1.8456,105.4760,0.0441,188.2637
1768466896,143,Naive,Standard,58.6339,2.7640,58.5015,0.1306,120.0299
1768466896,142,Naive,Standard,65.4006,1.8462,78.5808,3.4900,149.3176
1768466896,141,Naive,Standard,51.8115,5.8611,101.6943,0.0463,159.4133
1768466896,144,Naive,Standard,72.0023,1.5733,64.0725,0.1851,137.8331
1768466896,145,Naive,Standard,76.0729,2.8914,63.4279,0.0467,142.4390
1768466896,149,Naive,Standard,71.4679,1.3364,52.9245,0.0583,125.7871
1768466896,146,Naive,Standard,59.4403,1.7483,78.4559,0.0415,139.6859
1768466896,148,Naive,Standard,75.4216,1.7425,81.8519,0.0562,159.0722
1768466896,153,Naive,Standard,60.0651,1.9227,56.6755,0.0513,118.7146
1768466896,147,Naive,Standard,74.0159,5.8433,98.1207,0.0521,178.0320
1768466896,152,Naive,Standard,55.6091,1.7483,67.0255,0.0358,124.4187
1768466896,150,Naive,Standard,76.8232,1.5555,91.4840,2.6030,172.4657
1768466896,154,Naive,Standard,68.5667,1.3292,54.1910,9.8663,133.9531
1768466896,151,Naive,Standard,85.7616,1.5995,83.5337,11.6946,182.5894
1768466896,157,Naive,Standard,79.0572,1.6705,53.1593,0.0536,133.9405
1768466896,159,Naive,Standard,58.5309,1.5053,49.2091,0.0495,109.2948
1768466896,155,Naive,Standard,59.5534,1.6574,89.7845,0.0440,151.0392
1768466896,156,Naive,Standard,76.9171,1.7873,90.5736,0.0511,169.3291
1768466896,158,Naive,Standard,70.3432,5.1105,76.1315,0.0447,151.6299
1768466896,163,Naive,Standard,85.6492,2.7476,43.2348,0.0558,131.6874
1768466896,164,Naive,Standard,63.8651,1.6836,44.3227,0.0297,109.9010
1768466896,161,Naive,Standard,81.1377,1.7792,82.8519,0.0458,165.8146
1768466896,165,Naive,Standard,50.4031,1.8318,69.9511,0.0445,122.2304
1768466896,160,Naive,Standard,73.1008,1.3811,125.1753,0.0703,199.7275
1768466896,162,Naive,Standard,63.3875,2.0301,117.0191,0.0552,182.4920
1768466896,168,Naive,Standard,73.6981,1.5849,50.4618,0.0442,125.7889
1768466896,169,Naive,Standard,64.4230,1.7875,49.6430,0.0262,115.8798
1768466896,167,Naive,Standard,78.7016,1.7682,64.8417,0.0411,145.3526
1768466896,166,Naive,Standard,70.9824,1.6601,99.6149,0.0557,172.3130
1768466896,175,Naive,Standard,59.7424,1.1905,49.7970,0.0732,110.8032
1768466896,174,Naive,Standard,72.5347,1.7564,52.1822,0.0582,126.5316
1768466896,170,Naive,Standard,73.8462,1.5692,93.9189,0.0416,169.3758
1768466896,173,Naive,Standard,84.0754,1.5920,78.4679,0.0898,164.2251
1768466896,177,Naive,Standard,69.6098,1.6132,51.8780,0.0218,123.1228
1768466896,176,Naive,Standard,46.8348,1.9537,75.6734,0.0292,124.4911
1768466897,171,Naive,Standard,62.0875,1.6442,110.1900,0.0384,173.9601
1768466897,172,Naive,Standard,80.1387,1.7154,122.7486,0.0706,204.6732
1768466897,179,Naive,Standard,71.4202,2.0135,62.2954,0.0503,135.7794
1768466897,178,Naive,Standard,85.1415,1.8120,69.9218,0.0445,156.9198
1768466897,182,Naive,Standard,72.9958,1.1735,45.3500,0.0787,119.5979
1768466897,183,Naive,Standard,74.2143,1.7399,50.8746,0.0435,126.8723
1768466897,181,Naive,Standard,73.0483,1.5012,80.7207,0.0503,155.3205
1768466897,188,Naive,Standard,61.4171,1.8247,46.7706,0.0607,110.0731
1768466897,180,Naive,Standard,49.6380,1.8091,122.6971,0.0900,174.2342
1768466897,189,Naive,Standard,46.3871,1.8013,55.1441,0.1365,103.4689
1768466897,187,Naive,Standard,60.8099,1.4046,65.7208,0.0677,128.0030
1768466897,186,Naive,Standard,56.0694,1.8872,77.3058,0.0353,135.2977
1768466897,184,Naive,Standard,80.8622,1.9455,120.1673,0.0442,203.0192
1768466897,191,Naive,Standard,88.1202,1.7575,48.8031,0.0467,138.7275
1768466897,190,Naive,Standard,74.5027,1.8502,64.0446,0.0447,140.4422
1768466897,185,Naive,Standard,90.9369,10.0169,114.6984,0.0522,215.7044
1768466897,193,Naive,Standard,60.2849,1.9609,52.6307,0.0421,114.9185
1768466897,194,Naive,Standard,60.2187,1.6266,63.5642,0.0887,125.4981
1768466897,195,Naive,Standard,67.3432,1.7788,74.0482,0.0859,143.2562
1768466897,197,Naive,Standard,81.9753,1.9859,49.8015,0.0427,133.8055
1768466897,198,Naive,Standard,62.9256,1.5971,50.3614,0.0418,114.9260
1768466897,192,Naive,Standard,82.5582,1.9491,136.4661,0.0636,221.0369
1768466897,201,Naive,Standard,57.9810,2.2039,64.3950,0.0495,124.6294
1768466897,203,Naive,Standard,73.0668,1.9815,49.6666,0.0650,124.7799
1768466897,204,Naive,Standard,57.3929,1.7580,48.9701,0.0433,108.1643
1768466897,200,Naive,Standard,59.1102,5.8483,75.7454,0.0318,140.7357
1768466897,196,Naive,Standard,78.6589,10.2909,120.2888,0.0326,209.2711
1768466897,202,Naive,Standard,75.4878,1.9423,67.9160,0.0450,145.3911
1768466897,199,Naive,Standard,57.5389,1.8142,112.9592,0.1594,172.4717
1768466897,206,Naive,Standard,88.4614,1.6647,51.5601,0.0509,141.7371
1768466897,211,Naive,Standard,57.9819,1.5727,48.4357,0.0548,108.0451
1768466897,207,Naive,Standard,83.0966,2.2535,68.8802,0.0514,154.2817
1768466897,205,Naive,Standard,83.7409,1.7410,82.6651,0.0466,168.1936
1768466897,209,Naive,Standard,66.8858,1.6602,85.9851,0.0750,154.6061
1768466897,213,Naive,Standard,49.1651,1.5938,52.1502,0.0478,102.9568
1768466897,210,Naive,Standard,53.7185,1.4796,93.4669,0.0540,148.7189
1768466897,208,Naive,Standard,79.9212,1.6083,114.7264,0.0501,196.3059
1768466897,214,Naive,Standard,56.1967,1.8231,66.2595,0.0482,124.3274
1768466897,217,Naive,Standard,75.6574,1.7573,56.5874,0.0568,134.0589
1768466897,218,Naive,Standard,84.1150,1.7603,45.1510,0.0308,131.0571
1768466897,215,Naive,Standard,62.2132,1.9352,79.8241,0.0450,144.0176
1768466897,212,Naive,Standard,71.4325,5.7703,122.8593,0.0251,200.0872
1768466897,216,Naive,Standard,64.5934,1.4383,97.6742,0.0414,163.7472
1768466897,222,Naive,Standard,75.0240,1.6014,42.5732,0.0594,119.2580
1768466897,223,Naive,Standard,75.6182,1.6044,45.0766,0.0503,122.3494
1768466897,224,Naive,Standard,69.9705,1.2329,54.0771,0.0332,125.3136
1768466897,219,Naive,Standard,88.5441,1.9058,102.3339,0.0383,192.8221
1768466897,221,Naive,Standard,82.0463,1.8272,79.0178,0.0333,162.9246
1768466897,220,Naive,Standard,76.4636,1.8720,102.2842,0.0329,180.6527
1768466897,228,Naive,Standard,70.5629,1.6772,51.6958,0.0578,123.9936
1768466897,227,Naive,Standard,78.7913,1.8567,55.1183,0.6670,136.4333
1768466897,229,Naive,Standard,73.1493,1.8960,58.2598,0.0520,133.3571
1768466897,226,Naive,Standard,66.5071,1.9419,97.3962,0.0440,165.8891
1768466897,225,Naive,Standard,61.2929,1.8099,113.9194,0.0434,177.0655
1768466897,232,Naive,Standard,64.7467,1.5509,57.6393,0.0545,123.9913
1768466897,231,Naive,Standard,57.6400,1.8684,74.1228,0.0482,133.6794
1768466897,235,Naive,Standard,74.0375,2.0088,47.9386,0.0530,124.0379
1768466897,233,Naive,Standard,79.2298,4.7126,76.2046,0.0372,160.1841
1768466897,230,Naive,Standard,53.4547,2.0769,120.8058,0.0510,176.3884
1768466897,239,Naive,Standard,70.9136,1.8887,55.3114,0.0520,128.1657
1768466897,236,Naive,Standard,63.7820,1.9141,76.8010,0.0688,142.5659
1768466897,237,Naive,Standard,53.4393,1.9512,78.0359,0.0486,133.4750
1768466897,238,Naive,Standard,64.9518,1.6382,67.9096,0.0352,134.5348
1768466897,234,Naive,Standard,65.5982,1.5909,113.9389,0.0453,181.1732
1768466897,240,Naive,Standard,87.7659,1.8861,52.0502,0.0359,141.7380
1768466897,243,Naive,Standard,73.0186,1.6215,52.6093,0.0598,127.3091
1768466897,244,Naive,Standard,74.5923,1.7570,51.9276,0.0502,128.3272
1768466897,241,Naive,Standard,76.1685,1.7178,83.2479,0.0306,161.1648
1768466897,248,Naive,Standard,49.6148,1.6422,52.1433,0.0312,103.4314
1768466897,246,Naive,Standard,66.2305,1.5235,89.5921,0.0520,157.3981
1768466897,242,Naive,Standard,79.3305,2.8971,120.0576,0.0525,202.3378
1768466897,245,Naive,Standard,76.3048,1.7594,101.9989,0.0724,180.1355
1768466897,250,Naive,Standard,70.2675,1.8322,51.9572,0.0501,124.1070
1768466897,249,Naive,Standard,67.4597,1.4904,62.3167,0.0573,131.3240
1768466897,247,Naive,Standard,64.4672,1.5095,110.5436,0.0472,176.5675
1768466897,252,Naive,Standard,70.4033,1.7342,72.2014,0.0524,144.3914
1768466897,256,Naive,Standard,70.5161,1.9528,52.9742,0.0525,125.4956
1768466897,255,Naive,Standard,89.3561,1.8243,66.9026,0.0983,158.1813
1768466897,251,Naive,Standard,58.3570,1.6035,111.0623,0.1427,171.1655
1768466897,253,Naive,Standard,88.5347,1.5843,83.6434,0.0379,173.8002
1768466897,254,Naive,Standard,99.1574,1.5753,90.7678,0.0486,191.5491
1768466897,257,Naive,Standard,56.3075,1.7114,80.9189,0.0342,138.9720
1768466897,259,Naive,Standard,73.5960,1.7844,68.4935,0.0474,143.9213
1768466897,260,Naive,Standard,84.8314,1.8326,56.5403,0.0438,143.2480
1768466897,258,Naive,Standard,62.8051,1.2624,96.6773,0.0480,160.7927
1768466897,261,Naive,Standard,75.6452,1.9122,53.0432,0.0398,130.6404
1768466897,263,Naive,Standard,67.9115,2.0433,67.5713,0.0436,137.5698
1768466897,262,Naive,Standard,65.0262,8.8760,80.2853,0.0468,154.2342
1768466897,266,Naive,Standard,83.4949,1.6342,51.4452,0.0707,136.6450
1768466897,269,Naive,Standard,45.7036,1.7575,51.9966,0.0750,99.5328
1768466897,267,Naive,Standard,51.9371,1.7204,62.0944,0.0353,115.7872
1768466897,270,Naive,Standard,64.7670,1.6173,51.7379,0.0492,118.1714
1768466897,265,Naive,Standard,80.0895,1.8662,106.1689,0.0410,188.1656
1768466897,271,Naive,Standard,81.3690,2.8408,65.6848,0.0538,149.9484
1768466897,272,Naive,Standard,68.4808,1.8262,61.0682,0.0464,131.4216
1768466897,274,Naive,Standard,52.5862,1.7564,61.8815,0.0507,116.2748
1768466897,264,Naive,Standard,79.7126,1.8138,152.3283,0.0458,233.9004
1768466897,273,Naive,Standard,74.9143,1.5209,70.5175,0.0411,146.9938
1768466897,268,Naive,Standard,50.5296,4.7979,129.8006,0.0514,185.1796
1768466897,275,Naive,Standard,69.8704,3.0234,59.3019,0.0381,132.2339
1768466897,277,Naive,Standard,101.6391,1.8416,48.2186,0.0486,151.7479
1768466897,276,Naive,Standard,72.9912,1.8130,87.4293,0.0492,162.2827
1768466897,279,Naive,Standard,81.4186,1.5365,52.1393,0.0347,135.1290
1768466898,278,Naive,Standard,79.9718,1.8815,86.2667,0.0748,168.1947
1768466898,283,Naive,Standard,54.3564,1.7384,61.9128,0.0456,118.0532
1768466898,281,Naive,Standard,70.9985,1.6806,72.4401,0.0416,145.1608
1768466898,284,Naive,Standard,73.9093,1.9067,61.8865,0.0494,137.7518
1768466898,282,Naive,Standard,69.5256,1.8670,93.4041,0.0536,164.8504
1768466898,286,Naive,Standard,58.8363,1.8755,59.7631,0.0587,120.5336
1768466898,285,Naive,Standard,51.1913,1.6585,94.6605,0.1016,147.6119
1768466898,288,Naive,Standard,71.2430,1.8311,63.4141,0.0528,136.5410
1768466898,289,Naive,Standard,73.0501,1.6297,67.5500,0.0388,142.2685
1768466898,280,Naive,Standard,65.9659,9.7926,140.4019,0.0546,216.2150
1768466898,287,Naive,Standard,67.7027,2.5337,78.2389,0.0452,148.5205
1768466898,290,Naive,Standard,78.8321,1.7656,56.6829,0.0298,137.3104
1768466898,292,Naive,Standard,73.5695,1.8213,56.0264,0.0678,131.4850
1768466898,293,Naive,Standard,86.3660,5.8800,54.5528,0.0802,146.8789
1768466898,298,Naive,Standard,56.3621,1.9265,43.1341,0.3214,101.7441
1768466898,295,Naive,Standard,70.6978,1.9651,79.7449,0.0655,152.4733
1768466898,291,Naive,Standard,84.0258,1.7576,126.0342,0.6266,212.4442
1768466898,299,Naive,Standard,58.9632,1.9578,59.0778,0.0401,120.0390
1768466898,297,Naive,Standard,65.8290,1.6236,81.6437,0.0509,149.1472
1768466898,294,Naive,Standard,88.8861,1.6862,101.8276,0.0548,192.4546
1768466898,300,Naive,Standard,77.8541,1.9174,47.3360,0.0489,127.1564
1768466898,301,Naive,Standard,57.3588,1.8539,48.5873,0.0357,107.8357
1768466898,304,Naive,Standard,66.7461,1.9080,53.7453,0.0481,122.4474
1768466898,296,Naive,Standard,72.2663,1.8101,143.4983,0.0633,217.6380
1768466898,307,Naive,Standard,74.2401,1.7662,49.8223,0.0469,125.8756
1768466898,308,Naive,Standard,43.1632,1.7267,48.9545,0.0306,93.8749
1768466898,305,Naive,Standard,72.4828,3.0209,79.9174,0.0750,155.4961
1768466898,302,Naive,Standard,83.0757,1.8152,101.7051,0.0403,186.6364
1768466898,309,Naive,Standard,78.7726,1.6413,52.1625,0.0499,132.6263
1768466898,311,Naive,Standard,60.8884,1.7968,47.5051,0.0445,110.2348
1768466898,312,Naive,Standard,61.1183,1.5785,49.4691,0.0378,112.2037
1768466898,306,Naive,Standard,80.8542,1.6979,120.2201,0.0440,202.8162
1768466898,303,Naive,Standard,72.2346,1.6675,140.8213,0.0569,214.7803
1768466898,315,Naive,Standard,89.4751,1.5216,53.2026,0.0556,144.2549
1768466898,316,Naive,Standard,99.0290,1.9024,49.6150,0.0801,150.6266
1768466898,313,Naive,Standard,79.7955,1.6300,88.6984,0.0482,170.1721
1768466898,317,Naive,Standard,56.9522,1.9302,59.5379,0.1277,118.5480
1768466898,310,Naive,Standard,54.5121,1.4371,132.1029,0.0467,188.0988
1768466898,314,Naive,Standard,81.3292,1.8219,97.9721,0.0399,181.1630
1768466898,320,Naive,Standard,86.8948,1.7902,55.6892,0.2540,144.6282
1768466898,321,Naive,Standard,70.4772,1.7799,49.6145,0.0370,121.9086
1768466898,319,Naive,Standard,63.4987,1.7410,88.4049,0.0365,153.6811
1768466898,323,Naive,Standard,67.6543,1.9149,48.4710,0.0314,118.0717
1768466898,318,Naive,Standard,71.4415,5.9316,97.5074,0.0393,174.9198
1768466898,322,Naive,Standard,67.6858,1.5872,81.5166,0.0518,150.8414
1768466898,327,Naive,Standard,78.8470,1.9253,56.2721,0.0537,137.0980
1768466898,326,Naive,Standard,78.7000,1.6755,59.4049,0.0450,139.8254
1768466898,329,Naive,Standard,57.8250,1.4718,50.2519,0.0399,109.5886
1768466898,324,Naive,Standard,64.3462,1.7767,101.4286,0.0770,167.6286
1768466898,325,Naive,Standard,68.7536,1.8262,95.7186,5.2192,171.5175
1768466898,330,Naive,Standard,49.6188,9.8475,87.0560,0.0591,146.5814
1768466898,333,Naive,Standard,72.2481,1.8224,55.2342,0.0985,129.4031
1768466898,328,Naive,Standard,55.5555,5.6716,105.4105,0.0231,166.6608
1768466898,332,Naive,Standard,80.1694,1.7581,62.0277,0.0501,144.0054
1768466898,334,Naive,Standard,52.9496,1.5013,58.8845,0.0504,113.3857
1768466898,336,Naive,Standard,65.1290,1.8570,69.4725,0.0711,136.5296
1768466898,335,Naive,Standard,67.5215,1.8068,73.6713,0.0237,143.0233
1768466898,331,Naive,Standard,74.1755,1.5821,111.1885,0.0828,187.0289
1768466898,338,Naive,Standard,99.6114,2.1844,60.7867,0.0641,162.6467
1768466898,337,Naive,Standard,94.0699,1.6597,85.9440,0.0565,181.7301
1768466898,339,Naive,Standard,64.6247,2.9238,80.2017,0.0464,147.7966
1768466898,341,Naive,Standard,56.7967,1.6814,77.6673,0.0265,136.1720
1768466898,340,Naive,Standard,55.5905,2.1972,79.3223,0.0296,137.1396
1768466898,343,Naive,Standard,63.4503,5.5292,65.4207,0.0610,134.4612
1768466898,342,Naive,Standard,86.3580,1.8489,77.3463,0.0615,165.6147
1768466898,345,Naive,Standard,61.6286,1.7609,55.3918,0.0387,118.8200
1768466898,344,Naive,Standard,68.7315,1.2850,97.7085,0.0537,167.7787
1768466898,346,Naive,Standard,80.4458,8.3116,51.4711,0.0509,140.2795
1768466898,348,Naive,Standard,75.7386,1.7262,79.1001,0.0678,156.6327
1768466898,350,Naive,Standard,65.2713,1.7818,65.3154,0.0548,132.4233
1768466898,352,Naive,Standard,81.0944,1.8153,50.7844,0.0416,133.7357
1768466898,347,Naive,Standard,75.5359,1.5155,98.0712,0.0465,175.1691
1768466898,349,Naive,Standard,76.3290,1.8301,104.9513,0.0426,183.1529
1768466898,354,Naive,Standard,49.5756,1.8512,51.0996,0.0398,102.5662
1768466898,351,Naive,Standard,78.5200,1.8079,99.2326,0.0481,179.6085
1768466898,357,Naive,Standard,74.8732,1.6772,58.8172,0.0515,135.4192
1768466898,360,Naive,Standard,73.4404,1.8542,45.9812,0.0398,121.3156
1768466898,356,Naive,Standard,79.3814,1.2142,74.8130,0.0809,155.4895
1768466898,355,Naive,Standard,72.1045,2.0887,88.1733,0.0498,162.4163
1768466898,353,Naive,Standard,67.3734,1.8843,118.6735,0.0295,187.9607
1768466898,358,Naive,Standard,72.3335,1.6812,74.0535,0.0286,148.0968
1768466898,363,Naive,Standard,76.7372,1.9618,49.9814,0.0545,128.7350
1768466898,362,Naive,Standard,89.0068,1.6038,61.6908,0.1164,152.4178
1768466898,361,Naive,Standard,76.3641,1.2929,78.8129,0.0372,156.5072
1768466898,359,Naive,Standard,69.3218,1.6217,113.0748,0.0462,184.0644
1768466898,367,Naive,Standard,58.1085,1.6239,69.3576,0.0526,129.1427
1768466898,364,Naive,Standard,70.3255,2.0891,81.4663,0.2257,154.1066
1768466898,368,Naive,Standard,94.5082,1.7786,38.5532,0.0553,134.8953
1768466898,366,Naive,Standard,68.8564,1.5201,99.1532,0.0429,169.5727
1768466898,365,Naive,Standard,77.1202,1.3622,106.4132,0.0386,184.9342
1768466898,369,Naive,Standard,76.9815,1.9571,77.6424,0.0538,156.6347
1768466898,370,Naive,Standard,54.0644,1.8227,81.7214,0.0566,137.6651
1768466898,374,Naive,Standard,68.9697,1.9092,48.2703,0.1960,119.3452
1768466898,372,Naive,Standard,73.8433,1.8002,72.2890,0.0663,147.9989
1768466898,373,Naive,Standard,75.8365,1.9024,70.3380,0.0500,148.1269
1768466898,371,Naive,Standard,60.6367,1.8501,111.0816,0.0501,173.6185
1768466898,379,Naive,Standard,59.6279,2.0682,47.8391,0.0424,109.5776
1768466898,375,Naive,Standard,88.3905,1.2483,92.5283,0.0472,182.2143
1768466898,380,Naive,Standard,61.7083,1.5372,54.3878,0.0626,117.6958
1768466898,378,Naive,Standard,78.6467,7.4382,72.5841,0.0484,158.7174
1768466898,377,Naive,Standard,74.3640,1.8536,86.6170,0.0586,162.8931
1768466898,376,Naive,Standard,58.7731,1.6466,105.9639,0.0595,166.4432
1768466899,383,Naive,Standard,72.0580,1.9711,46.1369,0.0405,120.2065
1768466899,381,Naive,Standard,61.3802,1.8885,80.3514,0.0322,143.6523
1768466899,387,Naive,Standard,79.8186,1.8136,62.5223,0.0893,144.2438
1768466899,389,Naive,Standard,76.1496,1.6582,47.5137,0.0493,125.3709
1768466899,382,Naive,Standard,75.8005,1.8624,116.4652,0.0375,194.1656
1768466899,384,Naive,Standard,87.3381,5.2461,88.3923,0.2044,181.1808
1768466899,386,Naive,Standard,75.8669,1.7746,84.3201,0.0326,161.9943
1768466899,385,Naive,Standard,73.1936,1.6061,91.8538,0.0323,166.6858
1768466899,390,Naive,Standard,52.9551,1.4146,70.0706,0.0480,124.4883
1768466899,392,Naive,Standard,78.0337,1.7194,51.9405,0.0553,131.7489
1768466899,388,Naive,Standard,62.0306,1.2471,117.1403,0.0312,180.4492
1768466899,391,Naive,Standard,87.3232,1.6546,74.4061,0.0526,163.4364
1768466899,393,Naive,Standard,70.7300,1.7955,81.2515,0.0491,153.8261
1768466899,394,Naive,Standard,80.3300,1.8458,73.0643,0.0482,155.2882
1768466899,395,Naive,Standard,70.8271,1.2465,74.8375,0.0334,146.9445
1768466899,397,Naive,Standard,68.3463,1.9550,73.5250,0.0320,143.8582
1768466899,396,Naive,Standard,68.3489,1.9399,98.2741,0.0480,168.6108
1768466899,400,Naive,Standard,66.4144,2.6453,56.4653,0.0531,125.5781
1768466899,398,Naive,Standard,97.8192,1.8537,79.4700,4.0803,183.2233
1768466899,401,Naive,Standard,78.9592,2.0189,72.2186,0.0544,153.2510
1768466899,399,Naive,Standard,47.2140,9.4007,99.5152,0.0456,156.1755
1768466899,404,Naive,Standard,70.6396,1.8719,65.0177,0.1274,137.6566
1768466899,403,Naive,Standard,76.8267,1.2857,81.9205,0.0624,160.0952
1768466899,402,Naive,Standard,69.8363,1.5582,98.2507,0.0548,169.7000
1768466899,406,Naive,Standard,73.3218,1.8170,58.7165,0.0448,133.9002
1768466899,405,Naive,Standard,90.7961,1.7026,81.5355,0.0342,174.0685
1768466899,410,Naive,Standard,77.5842,2.1396,57.9322,0.0454,137.7014
1768466899,408,Naive,Standard,82.2249,1.8541,67.2210,0.0475,151.3476
1768466899,407,Naive,Standard,71.6547,1.7684,89.8369,0.0426,163.3026
1768466899,413,Naive,Standard,67.7333,2.2230,57.9104,0.0558,127.9224
1768466899,409,Naive,Standard,74.3378,2.0290,89.9931,0.0380,166.3979
1768466899,411,Naive,Standard,78.4660,5.7734,90.7594,0.0532,175.0520
1768466899,415,Naive,Standard,79.3447,1.7691,52.8787,0.0493,134.0418
1768466899,414,Naive,Standard,66.6603,1.8293,79.0264,0.0375,147.5536
1768466899,412,Naive,Standard,87.9872,1.8317,96.2524,0.0427,186.1139
1768466899,416,Naive,Standard,60.6507,2.2886,58.1106,0.0379,121.0877
1768466899,418,Naive,Standard,84.6342,1.5436,59.2117,0.0545,145.4440
1768466899,417,Naive,Standard,61.2669,1.7436,98.4777,0.0887,161.5769
1768466899,424,Naive,Standard,52.9168,1.9239,45.2209,0.0596,100.1213
1768466899,419,Naive,Standard,75.6200,1.8016,93.2355,0.0528,170.7098
1768466899,420,Naive,Standard,84.5133,1.5831,82.8570,0.0647,169.0180
1768466899,425,Naive,Standard,77.1754,1.6280,53.9225,0.2032,132.9291
1768466899,421,Naive,Standard,80.8443,1.7785,86.7872,0.9895,170.3995
1768466899,423,Naive,Standard,48.5866,5.9272,82.9141,0.0395,137.4674
1768466899,422,Naive,Standard,68.6074,1.7553,100.4037,0.0516,170.8180
1768466899,427,Naive,Standard,78.8157,2.1164,52.0943,0.0460,133.0725
1768466899,430,Naive,Standard,74.0372,1.8431,44.6117,0.0574,120.5494
1768466899,426,Naive,Standard,75.9992,1.8087,81.3658,0.0431,159.2169
1768466899,429,Naive,Standard,63.0579,1.8436,85.9153,0.0500,150.8668
1768466899,434,Naive,Standard,53.9002,1.6102,54.0536,0.0381,109.6022
1768466899,428,Naive,Standard,70.5202,1.8621,101.3928,0.0455,173.8206
1768466899,431,Naive,Standard,74.8396,1.4851,93.8400,0.0449,170.2096
1768466899,435,Naive,Standard,78.8173,1.8993,48.8086,0.1833,129.7085
1768466899,432,Naive,Standard,78.2495,1.4920,97.9778,0.0497,177.7690
1768466899,433,Naive,Standard,68.8529,11.4677,92.0159,0.0491,172.3855
1768466899,438,Naive,Standard,72.0616,1.6949,56.3584,0.2329,130.3478
1768466899,436,Naive,Standard,53.5102,5.8958,91.7172,0.0572,151.1804
1768466899,441,Naive,Standard,72.7315,1.8171,50.3699,0.1692,125.0877
1768466899,440,Naive,Standard,90.6969,1.4671,72.5202,0.0556,164.7399
1768466899,437,Naive,Standard,82.8146,1.5630,93.5943,0.0312,178.0032
1768466899,444,Naive,Standard,79.6015,1.9138,49.4100,0.2315,131.1568
1768466899,443,Naive,Standard,62.8105,9.0277,60.8907,0.0423,132.7713
1768466899,439,Naive,Standard,77.9237,6.2438,108.4224,0.0453,192.6353
1768466899,446,Naive,Standard,62.0246,1.8488,51.5549,0.0883,115.5166
1768466899,442,Naive,Standard,78.9778,1.8662,106.5224,0.0483,187.4146
1768466899,449,Naive,Standard,88.6257,1.9294,52.9032,0.2952,143.7535
1768466899,447,Naive,Standard,82.2864,3.0915,71.2916,0.0457,156.7150
1768466899,445,Naive,Standard,57.3863,1.5450,106.1537,0.0454,165.1305
1768466899,450,Naive,Standard,78.8938,1.7082,63.0194,0.0293,143.6507
1768466899,452,Naive,Standard,57.2807,2.9464,55.2019,0.0486,115.4777
1768466899,448,Naive,Standard,73.0978,4.9659,103.7380,0.0540,181.8557
1768466899,455,Naive,Standard,73.6542,1.8990,48.2961,0.0628,123.9121
1768466899,454,Naive,Standard,82.4208,1.9250,53.9522,0.1216,138.4195
1768466899,453,Naive,Standard,65.9648,1.7954,85.7117,0.0401,153.5121
1768466899,458,Naive,Standard,67.2789,1.9193,54.2058,0.0541,123.4581
1768466899,451,Naive,Standard,77.3534,10.2294,119.0176,8.0925,214.6929
1768466899,460,Naive,Standard,89.4983,1.8440,46.7436,0.0458,138.1317
1768466899,457,Naive,Standard,59.4227,11.1921,86.1114,0.0490,156.7753
1768466899,461,Naive,Standard,82.7885,2.1033,52.4038,0.0450,137.3406
1768466899,456,Naive,Standard,70.8630,1.4310,113.4960,0.0506,185.8406
1768466899,462,Naive,Standard,51.3509,1.6576,67.0920,0.0504,120.1508
1768466899,463,Naive,Standard,69.4987,1.5625,55.0096,0.1876,126.2584
1768466899,465,Naive,Standard,79.1329,1.9347,47.7558,0.0809,128.9042
1768466899,467,Naive,Standard,67.9864,2.0274,51.5737,0.0883,121.6758
1768466899,469,Naive,Standard,60.9097,1.7473,50.2776,0.0782,113.0127
1768466899,459,Naive,Standard,75.2375,1.9424,139.0660,0.0476,216.2935
1768466899,470,Naive,Standard,67.0313,1.8462,51.1131,0.0485,120.0391
1768466899,471,Naive,Standard,61.7339,1.8858,49.4154,0.0500,113.0850
1768466899,472,Naive,Standard,63.0171,2.3887,47.1063,0.0500,112.5621
1768466899,473,Naive,Standard,76.4186,1.5981,49.3988,0.0480,127.4635
1768466899,475,Naive,Standard,72.4467,1.9224,48.3662,0.0365,122.7717
1768466899,476,Naive,Standard,67.6685,1.8245,46.5031,0.0425,116.0386
1768466899,468,Naive,Standard,71.6934,1.5959,134.4579,0.0469,207.7940
1768466899,477,Naive,Standard,79.6855,2.2051,50.9078,0.0408,132.8392
1768466899,464,Naive,Standard,70.7696,5.2308,175.4396,0.0531,251.4931
1768466899,478,Naive,Standard,94.5970,1.5910,48.5910,0.0293,144.8083
1768466899,466,Naive,Standard,86.5475,1.8289,163.1816,0.0424,251.6003
1768466899,479,Naive,Standard,79.2585,2.4851,55.7449,0.0392,137.5277
1768466899,480,Naive,Standard,83.4114,1.9029,44.0903,0.0472,129.4518
1768466899,482,Naive,Standard,75.0134,2.0463,49.3709,0.0519,126.4825
1768466900,484,Naive,Standard,76.4284,1.9477,49.4332,0.0484,127.8578
1768466900,487,Naive,Standard,50.6365,1.9750,43.5717,0.0548,96.2380
1768466900,474,Naive,Standard,66.3046,14.0299,156.6068,0.0568,236.9980
1768466900,486,Naive,Standard,60.1888,2.0766,53.0110,0.0329,115.3094
1768466900,488,Naive,Standard,62.8649,2.0844,51.8884,0.0526,116.8904
1768466900,489,Naive,Standard,63.0388,2.0278,47.1110,0.0393,112.2170
1768466900,490,Naive,Standard,74.0558,1.6288,43.2878,0.0635,119.0359
1768466900,481,Naive,Standard,68.7730,1.8276,150.6602,0.0789,221.3396
1768466900,492,Naive,Standard,57.4312,1.9517,62.5306,0.2042,122.1178
1768466900,483,Naive,Standard,80.6934,1.7887,146.0923,0.0448,228.6192
1768466900,485,Naive,Standard,57.8120,2.0429,139.1589,0.0450,199.0588
1768466900,494,Naive,Standard,75.9607,2.2281,54.0797,0.0508,132.3192
1768466900,493,Naive,Standard,80.6522,2.0942,75.7803,0.0558,158.5826
1768466900,491,Naive,Standard,70.6783,5.8158,99.0536,0.0443,175.5920
1768466900,495,Naive,Standard,83.0661,1.8365,78.9680,0.0519,163.9226
1768466900,498,Naive,Standard,74.3104,1.9129,64.9722,0.0529,141.2484
1768466900,496,Naive,Standard,88.6199,1.8514,76.6315,0.0458,167.1485
1768466900,497,Naive,Standard,78.9323,2.0704,81.3388,0.0552,162.3967
1768466900,502,Naive,Standard,70.8584,1.7584,51.8886,0.0751,124.5805
1768466900,500,Naive,Standard,78.1272,1.9689,71.6901,0.0356,151.8218
1768466900,499,Naive,Standard,64.0291,10.0301,85.1543,0.0479,159.2614
1768466900,504,Naive,Standard,70.8926,1.7358,58.7804,0.0658,131.4747
1768466900,501,Naive,Standard,69.0392,2.1601,96.0143,0.0427,167.2563
1768466900,505,Naive,Standard,75.1046,1.7717,74.0670,0.0609,151.0043
1768466900,503,Naive,Standard,73.7777,1.8313,100.0267,0.0484,175.6840
1768466900,507,Naive,Standard,81.0509,1.7917,60.0413,0.0735,142.9574
1768466900,506,Naive,Standard,70.2729,2.1482,83.7314,0.0561,156.2086
1768466900,508,Naive,Standard,72.0269,9.7319,91.6531,0.0600,173.4720
1768466900,509,Naive,Standard,58.5079,1.6968,96.7343,0.0545,156.9935
1768466900,511,Naive,Standard,79.3412,1.9594,71.9356,0.0832,153.3194
1768466900,510,Naive,Standard,89.1076,1.8556,73.9273,0.0843,164.9747
1768466900,514,Naive,Standard,62.6197,1.6711,51.9445,0.0341,116.2695
1768466900,512,Naive,Standard,70.4628,1.7150,70.1995,0.0527,142.4299
1768466900,515,Naive,Standard,64.9410,2.1676,81.1364,0.0462,148.2911
1768466900,513,Naive,Standard,72.4253,5.8519,93.3689,0.0420,171.6880
1768466900,520,Naive,Standard,47.8670,1.6171,62.7964,0.0544,112.3348
1768466900,518,Naive,Standard,69.8996,1.4194,66.9833,0.0461,138.3484
1768466900,519,Naive,Standard,70.3087,1.7001,66.8979,0.0796,138.9863
1768466900,516,Naive,Standard,92.7166,1.8606,98.6080,0.0673,193.2524
1768466900,517,Naive,Standard,97.1907,1.6500,102.2717,6.9220,208.0344
1768466900,524,Naive,Standard,70.9252,1.8529,50.4916,0.0496,123.3193
1768466900,521,Naive,Standard,66.5626,1.8382,91.2597,0.0465,159.7070
1768466900,522,Naive,Standard,90.5854,1.6962,82.2533,0.0419,174.5769
1768466900,525,Naive,Standard,74.3170,1.9369,58.8222,0.0367,135.1128
1768466900,523,Naive,Standard,81.9322,7.0939,81.8726,0.0333,170.9320
1768466900,526,Naive,Standard,60.7475,1.8208,75.9841,0.0508,138.6032
1768466900,529,Naive,Standard,85.7883,1.8672,50.1352,0.0628,137.8536
1768466900,532,Naive,Standard,54.0937,1.7195,58.1281,0.0590,114.0003
1768466900,527,Naive,Standard,79.6887,1.6766,105.1129,0.0667,186.5449
1768466900,531,Naive,Standard,74.4660,1.7295,76.7875,0.0643,153.0474
1768466900,534,Naive,Standard,71.7814,1.7917,59.2205,0.0802,132.8738
1768466900,528,Naive,Standard,94.4211,1.8811,107.0162,0.0441,203.3627
1768466900,530,Naive,Standard,66.3272,1.9580,103.4961,0.0659,171.8472
1768466900,533,Naive,Standard,58.8415,5.4372,86.2610,0.0370,150.5767
1768466900,535,Naive,Standard,73.0915,1.8375,60.7514,0.0287,135.7092
1768466900,536,Naive,Standard,75.0239,1.9942,54.4768,0.0515,131.5464
1768466900,539,Naive,Standard,70.6609,1.6214,65.3346,0.0546,137.6715
1768466900,537,Naive,Standard,69.0765,1.8513,85.0846,0.0594,156.0718
1768466900,543,Naive,Standard,53.1140,1.4138,57.5563,0.0475,112.1317
1768466900,540,Naive,Standard,74.2886,1.6305,80.9808,0.0483,156.9481
1768466900,538,Naive,Standard,79.7593,2.0980,89.6456,0.0459,171.5488
1768466900,542,Naive,Standard,77.5999,5.5293,90.6260,0.0442,173.7993
1768466900,541,Naive,Standard,86.9430,1.7737,104.6519,0.0588,193.4274
1768466900,545,Naive,Standard,74.1858,1.9386,65.6547,0.0520,141.8312
1768466900,544,Naive,Standard,56.7037,1.9558,94.1291,1.8473,154.6358
1768466900,547,Naive,Standard,78.7490,1.8067,56.2325,0.0584,136.8467
1768466900,548,Naive,Standard,81.9956,1.8964,65.4032,0.0457,149.3409
1768466900,549,Naive,Standard,70.3051,1.7790,83.7341,0.0511,155.8693
1768466900,546,Naive,Standard,69.6146,4.0748,104.7720,0.0462,178.5077
1768466900,554,Naive,Standard,59.2084,1.8656,56.3356,0.0471,117.4567
1768466900,552,Naive,Standard,93.9573,1.2787,68.6800,0.0422,163.9582
1768466900,551,Naive,Standard,92.8131,2.9176,79.7831,0.0405,175.5544
1768466900,553,Naive,Standard,64.8605,1.8883,78.6598,0.0452,145.4538
1768466900,555,Naive,Standard,61.1423,1.9242,65.2222,0.0495,128.3382
1768466900,550,Naive,Standard,94.7219,5.5704,115.2339,0.0360,215.5622
1768466900,558,Naive,Standard,75.9028,1.2391,51.6475,0.0557,128.8450
1768466900,556,Naive,Standard,82.1639,2.0133,89.6571,0.0735,173.9078
1768466900,560,Naive,Standard,60.8196,1.8240,66.8159,0.0897,129.5492
1768466900,557,Naive,Standard,90.0240,1.3106,111.0488,0.0566,202.4401
1768466900,562,Naive,Standard,76.3269,1.8299,76.5067,0.0556,154.7192
1768466900,559,Naive,Standard,80.9540,1.3142,94.3993,0.0302,176.6977
1768466900,564,Naive,Standard,76.6024,1.8109,53.8627,0.0464,132.3223
1768466900,561,Naive,Standard,72.2140,5.7149,88.7285,0.0522,166.7097
1768466900,563,Naive,Standard,79.2392,1.2710,99.0322,0.0653,179.6077
1768466900,566,Naive,Standard,72.4630,1.9562,66.8907,0.0409,141.3508
1768466900,565,Naive,Standard,75.6770,1.8390,82.7982,2.4113,162.7255
1768466900,570,Naive,Standard,77.2698,1.9057,50.2946,0.0666,129.5367
1768466900,567,Naive,Standard,80.8613,7.3687,68.5298,0.0550,156.8148
1768466900,568,Naive,Standard,85.1343,1.7805,97.5907,0.0467,184.5521
1768466900,571,Naive,Standard,69.9388,1.3973,89.4523,0.0932,160.8816
1768466900,573,Naive,Standard,70.0141,1.8812,65.7229,0.1040,137.7221
1768466900,569,Naive,Standard,69.3074,5.6988,109.1512,0.1688,184.3261
1768466900,575,Naive,Standard,55.9368,1.7871,61.8895,0.0579,119.6713
1768466900,572,Naive,Standard,72.2437,1.8966,90.3447,0.0392,164.5243
1768466900,574,Naive,Standard,69.9697,2.0538,82.6054,0.0510,154.6800
1768466900,576,Naive,Standard,66.3635,1.8974,65.9775,0.0313,134.2696
1768466900,578,Naive,Standard,86.2275,1.8922,74.0919,0.2616,162.4732
1768466900,579,Naive,Standard,94.5433,1.9540,69.3708,0.0454,165.9135
1768466901,581,Naive,Standard,72.9985,1.5745,62.7909,0.0360,137.3999
1768466901,584,Naive,Standard,64.6158,1.6348,54.9041,0.0532,121.2080
1768466901,577,Naive,Standard,94.2149,1.3268,105.7285,0.0502,201.3205
1768466901,582,Naive,Standard,63.7258,1.7752,89.0671,0.0607,154.6289
1768466901,580,Naive,Standard,74.8986,1.8971,112.9568,0.0838,189.8364
1768466901,586,Naive,Standard,76.8966,1.9760,59.5675,0.0486,138.4888
1768466901,583,Naive,Standard,75.2134,1.8069,105.9153,0.0672,183.0028
1768466901,585,Naive,Standard,73.3205,1.7984,73.5497,0.0451,148.7138
1768466901,587,Naive,Standard,71.0503,1.5518,65.7861,0.0273,138.4155
1768466901,588,Naive,Standard,77.6290,1.9008,71.6170,0.0507,151.1975
1768466901,591,Naive,Standard,86.2803,1.8585,66.0179,0.0481,154.2048
1768466901,589,Naive,Standard,72.2746,1.3356,97.7725,0.0377,171.4204
1768466901,590,Naive,Standard,84.2555,1.8925,98.2905,0.0566,184.4952
1768466901,595,Naive,Standard,57.5814,1.2946,62.4927,0.0546,121.4233
1768466901,593,Naive,Standard,62.8461,1.9090,69.7261,0.0987,134.5799
1768466901,592,Naive,Standard,98.8160,2.1207,77.7225,0.0378,178.6971
1768466901,594,Naive,Standard,67.4742,1.6971,82.0835,0.0357,151.2905
1768466901,597,Naive,Standard,86.2416,1.6348,69.5782,0.0620,157.5166
1768466901,600,Naive,Standard,61.4548,1.3322,62.5777,0.0512,125.4159
1768466901,602,Naive,Standard,65.1984,1.7277,63.1311,0.0794,130.1366
1768466901,596,Naive,Standard,67.6367,4.6337,116.4230,0.0407,188.7340
1768466901,601,Naive,Standard,62.5658,2.0649,75.7311,0.0457,140.4075
1768466901,603,Naive,Standard,79.2380,1.7467,78.9503,0.0462,159.9812
1768466901,599,Naive,Standard,74.8065,1.7009,100.7265,0.0396,177.2736
1768466901,598,Naive,Standard,76.4406,6.4277,126.2154,0.0398,209.1235
1768466901,604,Naive,Standard,84.3522,1.6571,70.4673,0.0388,156.5155
1768466901,605,Naive,Standard,77.3702,1.3990,64.6951,0.0505,143.5147
1768466901,606,Naive,Standard,82.2283,1.9139,66.1922,0.0511,150.3855
1768466901,609,Naive,Standard,90.8720,1.4698,76.7135,0.0765,169.1318
1768466901,610,Naive,Standard,92.0401,2.1260,74.6358,0.0386,168.8406
1768466901,607,Naive,Standard,62.2115,1.9174,109.5784,0.0393,173.7466
1768466901,608,Naive,Standard,71.2449,1.8573,101.0623,0.0263,174.1908
1768466901,612,Naive,Standard,69.8408,1.9938,72.8386,0.0618,144.7350
1768466901,613,Naive,Standard,56.6330,1.8281,64.9741,0.0223,123.4576
1768466901,614,Naive,Standard,63.5347,1.8713,60.1053,0.0306,125.5420
1768466901,611,Naive,Standard,96.3132,1.3287,107.3625,0.0549,205.0594
1768466901,621,Naive,Standard,61.3440,1.8487,48.2354,0.0638,111.4920
1768466901,616,Naive,Standard,93.0016,1.7054,73.5929,0.0530,168.3528
1768466901,618,Naive,Standard,73.7716,1.2412,81.1528,0.0464,156.2120
1768466901,620,Naive,Standard,72.0948,1.5781,68.9806,0.0455,142.6990
1768466901,619,Naive,Standard,74.9210,1.2517,76.3905,0.0634,152.6267
1768466901,615,Naive,Standard,103.3868,1.6931,97.7862,0.0464,202.9126
1768466901,617,Naive,Standard,75.8198,1.7305,111.3810,0.0559,188.9873
1768466901,623,Naive,Standard,70.3818,1.9686,49.1850,0.0643,121.5998
1768466901,622,Naive,Standard,88.3336,1.5763,98.0517,0.0611,188.0226
1768466901,624,Naive,Standard,66.0300,1.8422,78.0030,0.0520,145.9273
1768466901,625,Naive,Standard,77.6315,5.3191,65.9980,0.1606,149.1092
1768466901,630,Naive,Standard,67.0708,1.3738,43.5716,0.0582,112.0744
1768466901,626,Naive,Standard,80.8128,1.5421,87.4335,0.0603,169.8487
1768466901,627,Naive,Standard,72.0341,6.0995,88.4648,0.0530,166.6513
1768466901,628,Naive,Standard,73.7142,1.8543,95.5691,0.0279,171.1656
1768466901,634,Naive,Standard,72.9866,1.7834,48.2222,0.0500,123.0423
1768466901,632,Naive,Standard,77.8030,1.7500,76.2545,0.0381,155.8456
1768466901,629,Naive,Standard,91.8667,5.8690,112.9725,0.0398,210.7480
1768466901,631,Naive,Standard,70.8266,7.9594,87.6431,0.0617,166.4909
1768466901,635,Naive,Standard,72.8442,2.0103,69.9604,0.0464,144.8613
1768466901,633,Naive,Standard,67.1040,1.9717,95.1873,0.0367,164.2997
1768466901,638,Naive,Standard,90.7854,1.4446,58.4066,0.1227,150.7593
1768466901,637,Naive,Standard,68.8665,1.9590,81.7959,0.0483,152.6697
1768466901,636,Naive,Standard,85.5495,1.8752,96.2200,1.6426,185.2873
1768466901,641,Naive,Standard,84.6810,1.8661,57.3105,0.0512,143.9087
1768466901,639,Naive,Standard,74.2416,1.2339,82.1738,0.0539,157.7033
1768466901,642,Naive,Standard,81.2737,1.8432,65.1033,0.0278,148.2480
1768466901,644,Naive,Standard,82.9090,1.4635,60.4104,0.0493,144.8322
1768466901,640,Naive,Standard,76.7910,1.8499,108.1439,4.8298,191.6145
1768466901,643,Naive,Standard,74.5398,1.2843,101.7495,0.0422,177.6157
1768466901,645,Naive,Standard,74.2271,1.8161,93.1242,0.0546,169.2219
1768466901,648,Naive,Standard,78.5484,1.6645,72.5994,0.0565,152.8688
1768466901,646,Naive,Standard,64.6202,1.7698,98.0237,0.0392,164.4528
1768466901,650,Naive,Standard,79.6012,1.2850,49.7110,0.0517,130.6488
1768466901,647,Naive,Standard,65.1184,2.3263,89.7092,0.0943,157.2482
1768466901,649,Naive,Standard,68.3286,1.8093,76.9814,0.1012,147.2204
1768466901,651,Naive,Standard,89.8711,1.8859,69.2488,0.0520,161.0578
1768466901,656,Naive,Standard,66.2200,1.5350,48.3483,0.0552,116.1584
1768466901,652,Naive,Standard,75.5039,2.7957,85.5715,0.0764,163.9475
1768466901,653,Naive,Standard,92.1603,1.9398,85.0062,0.0550,179.1613
1768466901,658,Naive,Standard,53.9204,2.6077,68.4144,0.1882,125.1307
1768466901,659,Naive,Standard,68.0309,1.9039,63.7610,0.0629,133.7588
1768466901,654,Naive,Standard,97.4560,1.8439,103.0549,0.0762,202.4309
1768466901,660,Naive,Standard,76.5615,1.8371,52.9868,0.0461,131.4315
1768466901,655,Naive,Standard,87.0647,1.8351,104.9275,0.0676,193.8949
1768466901,657,Naive,Standard,70.2809,8.5952,99.4104,0.0373,178.3237
1768466901,662,Naive,Standard,63.7021,1.8758,53.5093,0.0440,119.1311
1768466901,666,Naive,Standard,97.0103,1.3085,45.9815,0.0552,144.3554
1768466901,661,Naive,Standard,61.7622,2.0208,100.3594,0.0357,164.1781
1768466901,663,Naive,Standard,69.9501,2.0773,88.4997,0.0446,160.5717
1768466901,669,Naive,Standard,68.0214,1.8356,55.0860,0.0493,124.9924
1768466901,664,Naive,Standard,88.8008,1.8348,93.4245,0.0895,184.1496
1768466901,665,Naive,Standard,97.0549,4.2277,89.2769,0.0411,190.6006
1768466901,670,Naive,Standard,72.8395,1.6013,50.9397,0.0638,125.4443
1768466901,667,Naive,Standard,71.4152,5.2210,96.2511,0.0329,172.9202
1768466901,668,Naive,Standard,53.7078,1.8510,102.0944,0.0363,157.6894
1768466901,673,Naive,Standard,72.1941,2.6605,55.2818,0.0561,130.1925
1768466901,676,Naive,Standard,82.7920,2.6818,46.1841,0.0490,131.7068
1768466901,672,Naive,Standard,67.5095,2.0811,90.4911,0.0462,160.1280
1768466901,677,Naive,Standard,75.4970,5.7306,57.0361,0.0375,138.3013
1768466901,671,Naive,Standard,78.8781,1.9140,122.8349,0.0415,203.6686
1768466901,674,Naive,Standard,80.4209,1.7687,90.1303,0.0373,172.3572
1768466902,679,Naive,Standard,77.6660,2.0627,60.8610,0.0583,140.6480
1768466902,680,Naive,Standard,79.0418,1.6963,56.5294,0.2024,137.4700
1768466902,681,Naive,Standard,74.7799,1.8662,53.0380,0.0518,129.7359
1768466902,675,Naive,Standard,86.8944,1.7412,120.0458,0.0447,208.7262
1768466902,682,Naive,Standard,74.4614,1.9332,77.7741,0.0425,154.2112
1768466902,678,Naive,Standard,62.6453,1.8750,134.4903,0.0413,199.0519
1768466902,683,Naive,Standard,67.7932,1.8479,81.6175,0.0584,151.3170
1768466902,687,Naive,Standard,68.6961,1.7820,54.8416,0.0682,125.3879
1768466902,685,Naive,Standard,89.4012,6.0421,67.1120,0.0529,162.6082
1768466902,686,Naive,Standard,86.6728,1.7391,64.5994,0.0267,153.0380
1768466902,684,Naive,Standard,68.5124,2.8496,97.2867,0.0328,168.6815
1768466902,689,Naive,Standard,81.7731,1.2914,71.7726,0.0438,154.8809
1768466902,692,Naive,Standard,81.0658,1.8680,55.6009,0.0671,138.6018
1768466902,688,Naive,Standard,61.6849,6.4379,107.4409,0.0521,175.6157
1768466902,694,Naive,Standard,54.0223,1.9749,61.3582,0.0433,117.3988
1768466902,691,Naive,Standard,75.4958,1.8649,77.7058,0.0453,155.1118
1768466902,693,Naive,Standard,66.0430,1.8519,78.1188,0.0615,146.0751
1768466902,695,Naive,Standard,59.0533,3.0363,80.4297,0.0530,142.5723
1768466902,697,Naive,Standard,73.5085,1.8391,49.3995,0.0568,124.8039
1768466902,690,Naive,Standard,72.7775,1.8127,136.4767,0.0337,211.1006
1768466902,699,Naive,Standard,75.2707,1.9769,58.7131,0.0425,136.0032
1768466902,696,Naive,Standard,99.0986,1.3385,80.2993,0.0600,180.7964
1768466902,702,Naive,Standard,83.7608,3.0883,67.8740,0.0584,154.7814
1768466902,700,Naive,Standard,62.5483,1.9175,96.3943,0.1863,161.0464
1768466902,698,Naive,Standard,77.5796,1.6111,116.6741,0.0574,195.9221
1768466902,701,Naive,Standard,74.2976,13.9256,82.0068,0.0497,170.2797
1768466902,703,Naive,Standard,87.0322,1.6588,71.9072,0.0468,160.6449
1768466902,705,Naive,Standard,66.6628,2.1401,64.1925,0.0495,133.0450
1768466902,706,Naive,Standard,69.1491,1.8044,63.2083,0.0568,134.2185
1768466902,704,Naive,Standard,65.7858,1.7199,88.2344,0.0458,155.7859
1768466902,711,Naive,Standard,65.9648,2.2249,51.9505,0.0483,120.1885
1768466902,713,Naive,Standard,60.3730,1.9079,57.6460,0.0586,119.9855
1768466902,712,Naive,Standard,70.0417,2.1042,61.4795,0.0464,133.6717
1768466902,710,Naive,Standard,85.8224,1.7774,75.2739,0.0383,162.9120
1768466902,707,Naive,Standard,91.3874,1.8709,95.6004,0.0330,188.8917
1768466902,708,Naive,Standard,97.6081,1.9413,110.0607,0.0389,209.6489
1768466902,715,Naive,Standard,58.2767,1.6416,55.2623,0.0422,115.2228
1768466902,709,Naive,Standard,84.1980,2.0859,116.4829,0.0477,202.8144
1768466902,716,Naive,Standard,79.4659,1.6757,62.8193,0.0775,144.0385
1768466902,714,Naive,Standard,70.2773,1.8060,115.9032,0.0492,188.0357
1768466902,717,Naive,Standard,71.4223,2.2123,66.0876,0.0428,139.7650
1768466902,718,Naive,Standard,73.1311,1.6961,81.8485,0.0635,156.7392
1768466902,720,Naive,Standard,82.8022,2.1466,73.9457,0.0378,158.9324
1768466902,719,Naive,Standard,73.9216,2.0731,98.9561,0.0386,174.9894
1768466902,721,Naive,Standard,92.1331,1.8690,71.1828,0.1220,165.3069
1768466902,723,Naive,Standard,79.1193,1.8649,61.5271,0.0671,142.5784
1768466902,725,Naive,Standard,64.1333,2.0319,66.6622,0.0890,132.9164
1768466902,722,Naive,Standard,86.2928,2.1534,113.8461,0.0925,202.3848
1768466902,726,Naive,Standard,81.1758,2.0730,66.2968,0.0352,149.5807
1768466902,729,Naive,Standard,70.0596,2.0148,56.3065,0.0590,128.4400
1768466902,728,Naive,Standard,78.6100,5.8308,71.2853,0.0585,155.7847
1768466902,727,Naive,Standard,95.3394,6.2407,85.9004,0.0474,187.5279
1768466902,730,Naive,Standard,78.5656,1.9714,74.6199,0.0971,155.2542
1768466902,724,Naive,Standard,60.8496,1.7072,142.2759,0.0403,204.8729
1768466902,731,Naive,Standard,65.8172,1.7339,72.5736,0.0377,140.1624
1768466902,734,Naive,Standard,60.3480,1.8211,50.8229,0.0515,113.0434
1768466902,733,Naive,Standard,81.3161,1.4310,89.1188,0.0549,171.9209
1768466902,735,Naive,Standard,76.5472,1.9233,78.0920,0.0515,156.6141
1768466902,740,Naive,Standard,52.0742,1.8323,52.6188,0.0911,106.6164
1768466902,736,Naive,Standard,87.1637,1.8193,73.7434,0.0541,162.7805
1768466902,732,Naive,Standard,81.3221,3.2890,116.7177,0.0746,201.4035
1768466902,737,Naive,Standard,86.7095,1.9733,81.0118,0.0917,169.7864
1768466902,739,Naive,Standard,62.7722,1.7167,76.1616,0.0418,140.6923
1768466902,743,Naive,Standard,85.2131,1.8074,52.2645,0.0699,139.3549
1768466902,741,Naive,Standard,79.2351,1.3148,80.4031,1.8292,162.7822
1768466902,738,Naive,Standard,83.0537,1.9756,117.5315,0.0361,202.5969
1768466902,746,Naive,Standard,65.4431,1.8968,56.0885,0.0576,123.4860
1768466902,747,Naive,Standard,69.9094,2.0706,54.9128,0.1644,127.0572
1768466902,744,Naive,Standard,74.8951,1.7700,89.5837,0.0544,166.3033
1768466902,745,Naive,Standard,65.6254,3.3706,87.4964,0.0497,156.5421
1768466902,742,Naive,Standard,95.7101,1.9241,110.2570,0.0594,207.9506
1768466902,748,Naive,Standard,105.8607,1.9948,50.3990,0.0471,158.3017
1768466902,752,Naive,Standard,70.5461,2.1235,65.9670,0.0737,138.7103
1768466902,749,Naive,Standard,74.0080,1.9900,86.9578,0.0318,162.9877
1768466902,751,Naive,Standard,67.0717,1.9498,83.3457,0.0480,152.4151
1768466902,756,Naive,Standard,47.5803,1.8685,50.5528,0.0402,100.0418
1768466902,750,Naive,Standard,63.7419,6.4165,115.9956,0.0447,186.1987
1768466902,755,Naive,Standard,75.6286,1.8823,80.0223,0.1612,157.6943
1768466902,753,Naive,Standard,87.4635,6.0227,100.2884,0.0594,193.8341
1768466902,757,Naive,Standard,83.8095,2.1670,54.1720,0.0437,140.1922
1768466902,760,Naive,Standard,82.5108,1.8875,48.7724,0.0588,133.2295
1768466902,754,Naive,Standard,77.9755,1.8030,129.4582,0.0432,209.2798
1768466902,758,Naive,Standard,82.6583,1.3099,81.4564,0.0461,165.4707
1768466902,762,Naive,Standard,84.0777,1.9510,52.8486,0.0548,138.9321
1768466902,759,Naive,Standard,79.8759,1.8671,88.2436,0.0533,170.0398
1768466902,764,Naive,Standard,50.6052,2.5142,56.7989,0.0540,109.9723
1768466902,765,Naive,Standard,61.1668,1.9094,53.1510,0.0507,116.2779
1768466902,761,Naive,Standard,79.7201,23.9786,87.6366,0.0642,191.3995
1768466902,768,Naive,Standard,57.7663,1.8683,51.5719,0.1198,111.3264
1768466902,763,Naive,Standard,85.2134,14.5965,97.1512,0.0615,197.0226
1768466902,770,Naive,Standard,46.3315,1.8006,50.1666,0.0428,98.3414
1768466902,771,Naive,Standard,30.7463,2.1922,57.7652,0.0773,90.7809
1768466902,767,Naive,Standard,68.2096,1.3705,115.1597,0.0744,184.8143
1768466902,773,Naive,Standard,43.2989,1.9950,50.8790,0.0502,96.2230
1768466902,769,Naive,Standard,44.9793,2.1292,101.9847,0.0424,149.1355
1768466902,775,Naive,Standard,51.6623,1.8598,52.2316,0.1235,105.8771
1768466902,772,Naive,Standard,56.0143,4.4583,92.6006,0.0560,153.1292
1768466902,766,Naive,Standard,64.6541,1.6835,162.3989,0.0377,228.7742
1768466903,776,Naive,Standard,55.5395,2.0523,68.5430,0.0458,126.1807
1768466903,780,Naive,Standard,49.3824,1.7365,44.2022,0.0847,95.4057
1768466903,774,Naive,Standard,61.1993,6.3398,95.4078,0.0240,162.9709
1768466903,778,Naive,Standard,50.6353,1.7630,65.9238,0.0471,118.3691
1768466903,779,Naive,Standard,35.0227,1.9901,71.6482,0.0372,108.6983
1768466903,777,Naive,Standard,50.0691,1.5928,109.8572,0.0465,161.5656
1768466903,786,Naive,Standard,22.9896,1.9789,58.1891,0.0652,83.2228
1768466903,784,Naive,Standard,53.6668,1.5912,62.6822,0.0569,117.9970
1768466903,783,Naive,Standard,48.8850,2.0338,89.3520,0.0814,140.3522
1768466903,787,Naive,Standard,34.9132,1.7269,62.5777,0.0454,99.2631
1768466903,782,Naive,Standard,41.0015,1.9444,99.1804,0.0343,142.1606
1768466903,781,Naive,Standard,61.2033,8.0428,107.8758,0.0497,177.1717
1768466903,785,Naive,Standard,42.7820,1.4263,106.2484,0.0422,150.4990
1768466903,789,Naive,Standard,51.4450,1.8395,56.8577,0.0841,110.2263
1768466903,791,Naive,Standard,10.2829,1.9496,50.5593,0.0470,62.8387
1768466903,788,Naive,Standard,34.3142,1.7369,85.4517,0.0583,121.5610
1768466903,792,Naive,Standard,11.6461,1.9590,54.7133,0.0356,68.3540
1768466903,790,Naive,Standard,40.1242,1.9281,77.0499,0.0498,119.1521
1768466903,793,Naive,Standard,3.1996,2.0200,65.3705,0.0959,70.6860
1768466903,794,Naive,Standard,2.4722,2.0297,64.5091,0.0856,69.0966
1768466903,795,Naive,Standard,0.0250,1.8119,53.1983,0.0455,55.0807
1768466903,796,Naive,Standard,0.6851,1.9977,45.5425,0.0471,48.2725
1768466903,797,Naive,Standard,2.0639,1.7729,47.8692,0.0586,51.7646
1768466903,798,Naive,Standard,0.2674,3.0196,42.9119,0.0240,46.2230
1768466903,799,Naive,Standard,0.0244,2.0339,23.2942,0.0267,25.3793
